Date,Ticker,Open,High,Low,Close,Volume,Currency
2020-10-22,EMB.DE,107.191,107.358,106.865,106.885,4376778.8933684,
2020-10-23,EMB.DE,107.151,107.428,106.944,107.388,3224242.736467,
2020-10-26,EMB.DE,107.211,107.31,106.944,107.004,2895822.8184084,
2020-10-27,EMB.DE,107.418,107.655,107.024,107.635,3712088.3536717,
2020-10-28,EMB.DE,107.319,107.358,106.688,106.718,6104161.5750533,
2020-10-29,EMB.DE,106.588,106.845,106.431,106.757,5035323.3784503,
2020-10-30,EMB.DE,106.638,106.688,106.274,106.461,4174097.853356,
2020-11-02,EMB.DE,106.303,106.549,106.204,106.254,5807116.1111387,
2020-11-03,EMB.DE,106.944,107.171,106.549,107.112,4795486.4604736,
2020-11-04,EMB.DE,107.715,109.304,107.715,109.186,8692746.4859762,
2020-11-05,EMB.DE,109.749,109.896,109.156,109.6,7931545.2650061,
2020-11-06,EMB.DE,109.245,109.363,108.869,109.126,6139715.1032483,
2020-11-09,EMB.DE,110.548,110.656,109.472,109.639,7087165.6826199,
2020-11-10,EMB.DE,109.294,109.779,109.116,109.522,3763536.745919,
2020-11-11,EMB.DE,109.996,110.153,109.836,109.936,2849146.0252531,
2020-11-12,EMB.DE,110.213,110.242,109.649,109.729,5066810.2604228,
2020-11-13,EMB.DE,110.073,110.173,109.926,110.153,2314186.0579396,
2020-11-16,EMB.DE,110.38,110.449,110.213,110.4,2767596.3480526,
2020-11-17,EMB.DE,110.203,110.31,109.846,110.203,4181562.656011,
2020-11-18,EMB.DE,110.33,110.42,110.054,110.103,2659535.9863618,
2020-11-19,EMB.DE,110.301,110.43,110.133,110.36,3959413.3701598,
2020-11-20,EMB.DE,110.44,110.538,110.252,110.44,3528110.847693,
2020-11-23,EMB.DE,110.766,110.766,110.272,110.35,3041741.9852062,
2020-11-24,EMB.DE,110.577,110.587,110.459,110.499,4120859.7316254,
2020-11-25,EMB.DE,110.449,110.647,110.282,110.42,3294934.5188966,
2020-11-27,EMB.DE,110.814,110.883,110.479,110.776,2287611.5630604,
2020-11-30,EMB.DE,110.557,110.873,110.063,110.557,4919107.4413216,
2020-12-01,EMB.DE,110.706,110.873,110.548,110.844,11339607.500774,
2020-12-02,EMB.DE,111.003,111.033,110.786,110.903,6001505.8520284,
2020-12-03,EMB.DE,111.347,111.367,111.2,111.367,6605247.3415532,
2020-12-04,EMB.DE,111.554,111.584,111.377,111.457,3820432.3170915,
2020-12-07,EMB.DE,111.367,111.467,111.307,111.437,3524289.3143934,
2020-12-08,EMB.DE,111.26,111.377,111.17,111.26,2843727.2065007,
2020-12-09,EMB.DE,111.13,111.614,110.854,110.993,6535507.6506428,
2020-12-10,EMB.DE,111.13,111.634,110.993,111.535,5103901.3151348,
2020-12-11,EMB.DE,111.516,111.654,111.407,111.594,3983168.0535612,
2020-12-14,EMB.DE,111.693,111.743,111.298,111.594,2607985.2949194,
2020-12-15,EMB.DE,111.792,112.01,111.664,111.98,3255396.3864078,
2020-12-16,EMB.DE,112.049,112.197,111.14,112.058,3265669.8590443,
2020-12-17,EMB.DE,111.99,112.157,111.841,112.039,5714765.2595131,
2020-12-18,EMB.DE,112.03,112.058,111.753,111.891,2726895.4484745,
2020-12-21,EMB.DE,111.447,111.584,111.23,111.564,4618768.1458963,
2020-12-22,EMB.DE,111.684,111.763,111.604,111.703,2166991.6962242,
2020-12-23,EMB.DE,111.891,111.97,111.703,111.871,1410440.5307479,
2020-12-24,EMB.DE,111.99,112.177,111.92,112.157,1099582.6497632,
2020-12-28,EMB.DE,112.02,112.296,111.95,112.187,2546831.6463573,
2020-12-29,EMB.DE,112.177,112.444,112.177,112.354,2760568.0894877,
2020-12-30,EMB.DE,112.444,112.542,111.763,112.494,1958764.2166814,
2020-12-31,EMB.DE,112.513,112.601,112.404,112.551,1843853.8603699,
2021-01-04,EMB.DE,112.661,112.73,111.891,111.94,7366930.6854628,
2021-01-05,EMB.DE,112.068,112.068,111.802,112.02,3682353.7252398,
2021-01-06,EMB.DE,111.347,111.367,111.08,111.21,4938653.6776359,
2021-01-07,EMB.DE,111.24,111.24,110.943,111.17,2863212.6710159,
2021-01-08,EMB.DE,111.25,111.279,110.983,111.23,4979095.2842045,
2021-01-11,EMB.DE,110.786,110.814,110.282,110.36,4991769.242905,
2021-01-12,EMB.DE,109.856,110.026,109.551,109.826,7529541.8397444,
2021-01-13,EMB.DE,110.173,110.538,110.123,110.35,6060132.4066117,
2021-01-14,EMB.DE,110.637,110.637,110.016,110.026,4505390.2517851,
2021-01-15,EMB.DE,110.173,110.291,109.926,110.153,2829828.6960486,
2021-01-19,EMB.DE,110.37,110.43,110.193,110.31,4148252.6200658,
2021-01-20,EMB.DE,110.41,110.519,110.32,110.44,3177266.1357696,
2021-01-21,EMB.DE,110.44,110.538,110.252,110.509,2725791.4274577,
2021-01-22,EMB.DE,110.37,110.587,110.35,110.557,2117912.3912781,
2021-01-25,EMB.DE,110.814,111.003,110.647,111.003,2888134.17296,
2021-01-26,EMB.DE,110.883,110.913,110.814,110.854,3280188.2418471,
2021-01-27,EMB.DE,110.647,110.666,110.32,110.34,4876705.9442324,
2021-01-28,EMB.DE,110.489,110.756,110.44,110.567,4263230.8382198,
2021-01-29,EMB.DE,110.469,110.776,110.41,110.557,4793946.90823,
2021-02-01,EMB.DE,110.33,110.893,110.33,110.756,4914926.3415441,
2021-02-02,EMB.DE,110.676,110.834,110.617,110.756,6135661.6242488,
2021-02-03,EMB.DE,110.766,110.766,110.479,110.479,2911117.0545131,
2021-02-04,EMB.DE,110.519,110.863,110.35,110.795,3271992.1518764,
2021-02-05,EMB.DE,111.13,111.15,110.834,110.923,3436079.0480125,
2021-02-08,EMB.DE,110.756,110.933,110.567,110.923,5306894.3170492,
2021-02-09,EMB.DE,110.854,110.854,110.509,110.519,2823994.6033358,
2021-02-10,EMB.DE,110.766,110.795,110.627,110.746,2043444.6543984,
2021-02-11,EMB.DE,110.903,111.033,110.696,110.814,3466735.3820642,
2021-02-12,EMB.DE,110.567,110.567,110.133,110.203,6718506.7306561,
2021-02-16,EMB.DE,109.916,109.926,108.829,108.849,8750899.0205266,
2021-02-17,EMB.DE,108.859,109.502,108.859,109.452,6246408.0994594,
2021-02-18,EMB.DE,109.363,109.412,109.076,109.333,2731363.1885711,
2021-02-19,EMB.DE,109.235,109.275,108.742,108.752,4658767.1311948,
2021-02-22,EMB.DE,107.942,108.297,107.872,108.021,5183675.4429385,
2021-02-23,EMB.DE,107.991,108.188,107.595,108.149,7389917.618469,
2021-02-24,EMB.DE,107.3,108.485,107.3,108.307,5581749.9713889,
2021-02-25,EMB.DE,107.528,107.725,106.075,106.371,10111415.518321,
2021-02-26,EMB.DE,106.905,106.944,106.371,106.855,8299775.7757861,
2021-03-01,EMB.DE,107.368,107.695,107.231,107.448,5146268.3748713,
2021-03-02,EMB.DE,107.348,107.665,107.221,107.378,6017884.8647468,
2021-03-03,EMB.DE,107.132,107.132,106.727,106.737,5308283.9655218,
2021-03-04,EMB.DE,106.727,106.915,105.77,105.819,8928095.40659,
2021-03-05,EMB.DE,105.957,105.957,105.404,105.8,12531707.111746,
2021-03-08,EMB.DE,105.267,105.267,103.953,103.973,10157308.355267,
2021-03-09,EMB.DE,105.069,105.444,105.04,105.197,8413209.3773798,
2021-03-10,EMB.DE,105.344,106.284,105.344,106.214,5862861.0695817,
2021-03-11,EMB.DE,106.954,107.141,106.381,107.014,7179629.974937,
2021-03-12,EMB.DE,106.075,106.085,105.493,105.661,6144957.6837832,
2021-03-15,EMB.DE,106.037,106.371,105.75,106.351,3982052.8910478,
2021-03-16,EMB.DE,106.787,107.034,106.578,106.727,4433664.3359076,
2021-03-17,EMB.DE,106.274,108.288,105.878,107.615,10097792.506691,
2021-03-18,EMB.DE,106.224,106.757,105.917,106.154,7738121.7957219,
2021-03-19,EMB.DE,106.234,106.618,105.957,106.471,4877916.3158976,
2021-03-22,EMB.DE,106.174,106.915,106.066,106.708,4738103.7020451,
2021-03-23,EMB.DE,106.777,106.777,106.294,106.321,4781763.1753755,
2021-03-24,EMB.DE,106.618,106.757,106.284,106.559,4383556.9746937,
2021-03-25,EMB.DE,106.53,106.559,106.075,106.401,3962721.381757,
2021-03-26,EMB.DE,106.312,106.441,106.114,106.441,2050430.3727039,
2021-03-29,EMB.DE,106.174,106.381,105.79,105.888,7575091.3160266,
2021-03-30,EMB.DE,105.444,105.957,105.334,105.937,6219350.4687774,
2021-03-31,EMB.DE,105.77,106.411,105.77,106.075,9074836.005539,
2021-04-01,EMB.DE,106.214,106.618,106.056,106.568,7928899.666019,
2021-04-05,EMB.DE,106.007,106.441,106.007,106.441,3217645.9576757,
2021-04-06,EMB.DE,106.658,106.925,106.471,106.806,3891705.4830656,
2021-04-07,EMB.DE,106.608,106.934,106.341,106.431,3278527.1460052,
2021-04-08,EMB.DE,106.708,107.053,106.678,107.053,3173292.6729723,
2021-04-09,EMB.DE,106.718,106.816,106.52,106.757,5608835.9622438,
2021-04-12,EMB.DE,107.082,107.082,106.835,106.934,2813758.6066422,
2021-04-13,EMB.DE,106.895,107.508,106.816,107.488,3357015.9502582,
2021-04-14,EMB.DE,107.438,107.528,107.3,107.398,3325545.2740988,
2021-04-15,EMB.DE,108.001,108.839,107.912,108.702,7118787.2754136,
2021-04-16,EMB.DE,108.475,108.475,108.218,108.346,3424219.4314199,
2021-04-19,EMB.DE,108.307,108.366,108.149,108.268,3237368.4322074,
2021-04-20,EMB.DE,108.139,108.139,107.922,108.001,2588185.8427755,
2021-04-21,EMB.DE,107.971,108.258,107.932,108.208,1714224.5743184,
2021-04-22,EMB.DE,108.326,108.435,108.208,108.366,1593554.0643162,
2021-04-23,EMB.DE,108.356,108.563,108.228,108.554,1986411.3338147,
2021-04-26,EMB.DE,107.832,108.395,107.832,108.06,2818859.3863126,
2021-04-27,EMB.DE,107.892,107.902,107.378,107.468,3372960.4446131,
2021-04-28,EMB.DE,107.458,107.962,107.358,107.832,4179432.604453,
2021-04-29,EMB.DE,107.882,107.971,107.538,107.962,3393863.9177738,
2021-04-30,EMB.DE,107.981,108.288,107.902,108.268,3877278.2579614,
2021-05-03,EMB.DE,107.912,108.188,107.665,107.784,3344930.4651457,
2021-05-04,EMB.DE,107.764,108.021,107.605,107.882,4352207.8421325,
2021-05-05,EMB.DE,107.764,108.05,107.764,108.031,2090366.5604767,
2021-05-06,EMB.DE,108.05,108.336,108.011,108.238,2579084.2529984,
2021-05-07,EMB.DE,108.702,108.919,108.505,108.722,5136038.4553575,
2021-05-10,EMB.DE,108.622,108.712,108.385,108.475,2779995.8207939,
2021-05-11,EMB.DE,107.942,108.258,107.942,108.228,2617936.6770206,
2021-05-12,EMB.DE,107.745,107.832,107.201,107.241,5461688.1922411,
2021-05-13,EMB.DE,107.448,107.902,107.261,107.794,3626769.8120643,
2021-05-14,EMB.DE,108.346,108.475,108.188,108.356,3830442.4452652,
2021-05-17,EMB.DE,108.258,108.307,108.149,108.297,1534611.4963776,
2021-05-18,EMB.DE,108.475,108.475,108.278,108.288,1968561.6435583,
2021-05-19,EMB.DE,107.991,108.169,107.635,107.784,3892054.9209104,
2021-05-20,EMB.DE,108.188,108.602,108.129,108.535,2953141.7664478,
2021-05-21,EMB.DE,108.544,108.592,108.248,108.316,1831353.1012968,
2021-05-24,EMB.DE,108.395,108.672,108.346,108.435,1732689.0726088,
2021-05-25,EMB.DE,108.505,108.979,108.505,108.969,2610713.9486986,
2021-05-26,EMB.DE,109.116,109.116,108.869,108.959,2053675.5867754,
2021-05-27,EMB.DE,108.425,108.819,108.425,108.752,2811483.7156296,
2021-05-28,EMB.DE,108.909,109.215,108.829,108.979,3550162.9078565,
2021-06-01,EMB.DE,109.106,109.412,108.909,109.126,1981375.3773966,
2021-06-02,EMB.DE,109.373,109.373,109.136,109.285,2791486.7551387,
2021-06-03,EMB.DE,109.018,109.018,108.722,108.752,3372774.0777625,
2021-06-04,EMB.DE,109.076,109.58,109.038,109.472,2685483.5188472,
2021-06-07,EMB.DE,109.323,109.363,109.225,109.235,1590796.0375008,
2021-06-08,EMB.DE,109.719,109.789,109.6,109.659,3987495.0056565,
2021-06-09,EMB.DE,110.183,110.252,109.996,110.044,3936352.4981312,
2021-06-10,EMB.DE,109.789,110.242,109.522,110.213,3366841.737308,
2021-06-11,EMB.DE,110.44,110.449,110.183,110.34,2151038.0860994,
2021-06-14,EMB.DE,110.163,110.173,109.59,109.679,4785775.1269788,
2021-06-15,EMB.DE,109.522,109.996,109.383,109.916,7916694.6630348,
2021-06-16,EMB.DE,109.808,109.986,108.485,108.989,6563741.2156373,
2021-06-17,EMB.DE,109.393,109.739,109.225,109.412,5359211.7460235,
2021-06-18,EMB.DE,109.6,110.093,109.6,109.729,6768284.9112918,
2021-06-21,EMB.DE,109.541,109.789,109.432,109.659,3047548.7306094,
2021-06-22,EMB.DE,109.363,109.649,109.205,109.61,2997705.7267215,
2021-06-23,EMB.DE,109.679,109.798,109.551,109.739,2146170.2649922,
2021-06-24,EMB.DE,109.739,109.836,109.689,109.779,2562257.5546933,
2021-06-25,EMB.DE,110.006,110.006,109.422,109.59,3799071.029711,
2021-06-28,EMB.DE,109.739,109.856,109.619,109.789,3186984.5593076,
2021-06-29,EMB.DE,109.57,109.769,109.541,109.769,3209220.9605951,
2021-06-30,EMB.DE,109.659,110.083,109.659,109.906,9951104.576635,
2021-07-01,EMB.DE,109.472,109.532,109.285,109.452,5784252.7474573,
2021-07-02,EMB.DE,109.245,109.669,109.235,109.58,3754156.6187293,
2021-07-06,EMB.DE,109.265,109.719,109.265,109.709,4962243.2643165,
2021-07-07,EMB.DE,109.886,109.946,109.699,109.856,3686144.8726397,
2021-07-08,EMB.DE,109.502,109.817,109.502,109.639,3828310.3679803,
2021-07-09,EMB.DE,109.639,109.719,109.502,109.61,3464828.1604359,
2021-07-12,EMB.DE,109.719,109.769,109.522,109.679,3350822.2910675,
2021-07-13,EMB.DE,109.61,109.789,109.225,109.285,5304243.6537455,
2021-07-14,EMB.DE,109.709,109.826,109.61,109.759,3437151.6702665,
2021-07-15,EMB.DE,109.916,110.173,109.798,110.093,4303043.4566677,
2021-07-16,EMB.DE,110.083,110.143,109.936,109.946,2755519.9787098,
2021-07-19,EMB.DE,110.183,110.183,109.876,109.966,4962378.9880011,
2021-07-20,EMB.DE,110.262,110.36,110.054,110.272,5355209.9230533,
2021-07-21,EMB.DE,109.866,109.946,109.689,109.846,4248934.2724835,
2021-07-22,EMB.DE,109.896,110.133,109.826,110.093,2940588.3384823,
2021-07-23,EMB.DE,109.817,110.143,109.808,110.103,2586291.7883706,
2021-07-26,EMB.DE,109.936,110.073,109.759,109.798,3372402.3569248,
2021-07-27,EMB.DE,109.906,109.906,109.353,109.512,4421986.0218489,
2021-07-28,EMB.DE,109.412,109.798,109.313,109.789,3859142.9402493,
2021-07-29,EMB.DE,109.789,109.926,109.769,109.876,2983296.7331569,
2021-07-30,EMB.DE,109.826,110.262,109.789,110.173,6821113.8362417,
2021-08-02,EMB.DE,110.123,110.193,109.789,109.976,6800649.9457611,
2021-08-03,EMB.DE,110.093,110.093,109.896,110.026,3070764.5707256,
2021-08-04,EMB.DE,110.242,110.282,109.759,110.073,3748059.1815539,
2021-08-05,EMB.DE,110.026,110.083,109.886,110.006,1755849.2052425,
2021-08-06,EMB.DE,109.659,109.729,109.383,109.422,6566542.7955753,
2021-08-09,EMB.DE,109.363,109.492,109.038,109.066,4981327.6349578,
2021-08-10,EMB.DE,109.255,109.285,108.979,109.047,2898538.3049645,
2021-08-11,EMB.DE,109.146,109.304,108.939,109.116,4189660.4982399,
2021-08-12,EMB.DE,109.066,109.294,108.998,109.255,2411192.0293757,
2021-08-13,EMB.DE,109.412,109.808,109.294,109.779,3700803.0305805,
2021-08-16,EMB.DE,109.719,109.856,109.679,109.789,2148465.4132712,
2021-08-17,EMB.DE,109.541,109.729,109.541,109.699,3279787.1479731,
2021-08-18,EMB.DE,109.689,109.789,109.512,109.61,2417121.3312403,
2021-08-19,EMB.DE,109.56,109.739,109.482,109.719,1871449.3214738,
2021-08-20,EMB.DE,109.729,109.789,109.512,109.56,4535325.4271542,
2021-08-23,EMB.DE,109.739,109.986,109.619,109.966,3381998.2240012,
2021-08-24,EMB.DE,109.966,110.083,109.846,110.035,2041048.2197876,
2021-08-25,EMB.DE,110.143,110.143,109.896,109.956,1723139.797245,
2021-08-26,EMB.DE,109.876,109.926,109.699,109.789,2534752.2384246,
2021-08-27,EMB.DE,109.946,110.529,109.808,110.489,5079464.9747202,
2021-08-30,EMB.DE,110.38,110.805,110.38,110.786,2278012.657394,
2021-08-31,EMB.DE,110.963,111.07,110.736,110.824,5511026.7901965,
2021-09-01,EMB.DE,111.003,111.08,110.863,111.023,5871978.8651721,
2021-09-02,EMB.DE,111.1,111.317,111.013,111.317,3827914.338423,
2021-09-03,EMB.DE,110.943,111.1,110.883,110.963,4563749.4104523,
2021-09-07,EMB.DE,110.873,110.883,110.656,110.656,3568898.8535164,
2021-09-08,EMB.DE,110.776,110.923,110.686,110.854,3305891.6742728,
2021-09-09,EMB.DE,110.746,111.16,110.686,111.042,4462731.4874131,
2021-09-10,EMB.DE,110.953,110.983,110.617,110.686,3198643.6289633,
2021-09-13,EMB.DE,110.587,110.933,110.587,110.834,3434646.8592807,
2021-09-14,EMB.DE,111.042,111.21,110.943,111.052,2152356.8341397,
2021-09-15,EMB.DE,110.834,111.042,110.834,111.033,2130210.5776876,
2021-09-16,EMB.DE,110.548,110.805,110.548,110.656,4227858.6125587,
2021-09-17,EMB.DE,110.489,110.499,110.291,110.291,4653909.4387208,
2021-09-20,EMB.DE,110.006,110.163,109.619,109.789,8212638.1316591,
2021-09-21,EMB.DE,110.223,110.223,109.886,109.986,3692347.6476003,
2021-09-22,EMB.DE,109.986,110.272,109.866,110.054,5088202.9465663,
2021-09-23,EMB.DE,109.956,110.035,109.106,109.215,8593007.8093076,
2021-09-24,EMB.DE,109.086,109.116,108.632,108.762,6054669.0218734,
2021-09-27,EMB.DE,108.475,108.563,108.238,108.435,5703978.2651744,
2021-09-28,EMB.DE,107.981,108.041,107.755,107.822,6164608.2450193,
2021-09-29,EMB.DE,107.842,108.297,107.832,107.922,6008915.9600643,
2021-09-30,EMB.DE,108.188,108.208,107.882,107.902,6002179.4061351,
2021-10-01,EMB.DE,107.585,107.725,107.191,107.538,8562343.3723496,
2021-10-04,EMB.DE,107.348,107.518,106.944,107.024,11778459.906415,
2021-10-05,EMB.DE,107.171,107.171,106.905,107.082,6871468.3361055,
2021-10-06,EMB.DE,106.777,106.974,106.481,106.865,9330234.5555363,
2021-10-07,EMB.DE,107.171,107.319,106.954,106.984,5748533.109678,
2021-10-08,EMB.DE,107.053,107.053,106.688,106.718,4248245.5254273,
2021-10-11,EMB.DE,106.588,106.777,106.391,106.421,2037486.9923608,
2021-10-12,EMB.DE,106.588,106.797,106.53,106.767,5536027.2954793,
2021-10-13,EMB.DE,106.905,107.478,106.905,107.438,6353867.8332025,
2021-10-14,EMB.DE,107.784,107.991,107.695,107.902,6649768.7615675,
2021-10-15,EMB.DE,107.715,107.882,107.518,107.774,6358523.9658761,
2021-10-18,EMB.DE,107.438,107.595,107.191,107.418,6480431.1819898,
2021-10-19,EMB.DE,107.448,107.595,107.3,107.339,6074848.2977616,
2021-10-20,EMB.DE,107.281,107.528,107.251,107.398,4353496.2042733,
2021-10-21,EMB.DE,107.261,107.281,106.895,106.944,8246001.8493602,
2021-10-22,EMB.DE,107.161,107.368,106.984,107.358,6213829.3508299,
2021-10-25,EMB.DE,107.31,107.508,107.31,107.438,4705110.6923184,
2021-10-26,EMB.DE,107.635,107.745,107.565,107.665,3612566.4297533,
2021-10-27,EMB.DE,108.021,108.525,107.902,108.297,7587546.4962503,
2021-10-28,EMB.DE,108.119,108.268,108.05,108.099,6640324.8239886,
2021-10-29,EMB.DE,107.832,107.991,107.595,107.735,6683797.9304685,
2021-11-01,EMB.DE,107.132,107.319,106.984,107.082,9363006.7610596,
2021-11-02,EMB.DE,107.378,107.458,107.092,107.221,3565964.5884835,
2021-11-03,EMB.DE,107.132,107.358,106.806,107.063,5536133.6461278,
2021-11-04,EMB.DE,107.418,107.902,107.31,107.832,6568636.3840541,
2021-11-05,EMB.DE,108.178,108.712,108.05,108.642,8931038.7873927,
2021-11-08,EMB.DE,108.563,108.682,108.475,108.544,5992918.7968169,
2021-11-09,EMB.DE,108.762,108.899,108.445,108.742,3800034.2627265,
2021-11-10,EMB.DE,108.356,108.366,107.024,107.151,12746668.106629,
2021-11-11,EMB.DE,107.348,107.538,107.132,107.151,4575127.9169689,
2021-11-12,EMB.DE,107.547,107.565,107.251,107.428,4567019.9461068,
2021-11-15,EMB.DE,107.358,107.605,107.053,107.141,4241056.2215947,
2021-11-16,EMB.DE,107.122,107.3,106.895,106.905,3763356.4562484,
2021-11-17,EMB.DE,106.905,107.044,106.688,107.024,4485473.3074963,
2021-11-18,EMB.DE,106.984,107.329,106.925,107.291,6475703.1360204,
2021-11-19,EMB.DE,107.319,107.408,107.211,107.261,7062500.4350953,
2021-11-22,EMB.DE,107.004,107.151,106.105,106.154,6457247.7534998,
2021-11-23,EMB.DE,105.819,105.947,105.404,105.484,8088159.2555806,
2021-11-24,EMB.DE,105.611,105.72,105.424,105.651,6261641.5637649,
2021-11-26,EMB.DE,104.9,105.227,104.071,104.476,7623607.4689677,
2021-11-29,EMB.DE,104.753,105.474,104.753,105.374,8681704.2500813,
2021-11-30,EMB.DE,105.384,105.858,105.207,105.354,8453513.234537,
2021-12-01,EMB.DE,105.641,105.937,105.503,105.74,11299178.048565,
2021-12-02,EMB.DE,105.74,106.421,105.74,106.371,6547933.4578303,
2021-12-03,EMB.DE,106.264,106.727,105.927,106.511,5673803.041199,
2021-12-06,EMB.DE,106.638,106.787,106.491,106.608,5181301.2913207,
2021-12-07,EMB.DE,107.063,107.271,106.787,107.171,5815960.433633,
2021-12-08,EMB.DE,107.161,107.251,106.835,107.024,5257041.184528,
2021-12-09,EMB.DE,106.954,107.241,106.915,106.954,4733012.0381445,
2021-12-10,EMB.DE,107.122,107.251,106.875,106.974,4232044.7766528,
2021-12-13,EMB.DE,106.974,107.547,106.974,107.408,4778137.1246964,
2021-12-14,EMB.DE,107.044,107.378,106.994,107.132,6944445.1381808,
2021-12-15,EMB.DE,106.885,106.954,106.214,106.797,10503844.346636,
2021-12-16,EMB.DE,107.024,107.102,106.825,106.905,4813255.1216646,
2021-12-17,EMB.DE,106.747,106.885,106.618,106.718,5296137.70861,
2021-12-20,EMB.DE,106.274,106.401,105.73,106.144,7097811.8889572,
2021-12-21,EMB.DE,106.066,106.481,105.957,106.461,5288932.1989645,
2021-12-22,EMB.DE,106.421,106.608,106.294,106.578,3028252.6715346,
2021-12-23,EMB.DE,106.648,106.806,106.451,106.737,2615902.8474777,
2021-12-27,EMB.DE,106.481,107.132,106.451,107.122,3530810.1284359,
2021-12-28,EMB.DE,107.122,107.191,107.014,107.034,2315948.4401133,
2021-12-29,EMB.DE,107.014,107.014,106.737,106.925,2979738.5443201,
2021-12-30,EMB.DE,106.984,107.528,106.925,107.418,3920844.5478666,
2021-12-31,EMB.DE,107.319,107.655,107.221,107.281,2599691.9700702,
2022-01-03,EMB.DE,106.944,106.964,106.174,106.224,7155375.9499198,
2022-01-04,EMB.DE,106.284,106.401,105.987,106.164,5131827.9825439,
2022-01-05,EMB.DE,106.174,106.174,105.147,105.147,7848886.5024722,
2022-01-06,EMB.DE,104.822,105.147,104.773,105.05,8650755.1985308,
2022-01-07,EMB.DE,104.87,104.97,104.526,104.841,6256633.9675198,
2022-01-10,EMB.DE,104.279,104.516,103.873,104.486,8062646.2414588,
2022-01-11,EMB.DE,104.397,104.703,104.1,104.703,7894554.4837625,
2022-01-12,EMB.DE,104.693,104.812,104.397,104.486,5587954.7720761,
2022-01-13,EMB.DE,104.23,104.337,103.983,104.14,7264392.4545828,
2022-01-14,EMB.DE,103.626,103.626,103.173,103.222,8488169.3658321,
2022-01-18,EMB.DE,102.609,102.669,101.969,102.265,9905911.6282407,
2022-01-19,EMB.DE,103.133,103.33,102.779,102.956,9715649.3053727,
2022-01-20,EMB.DE,103.38,103.686,103.183,103.321,8035408.3211062,
2022-01-21,EMB.DE,104.003,104.12,103.676,103.873,8910708.5948701,
2022-01-24,EMB.DE,103.41,103.439,102.759,103.173,15097122.774267,
2022-01-25,EMB.DE,103.183,103.38,102.996,103.33,6300061.4951504,
2022-01-26,EMB.DE,103.726,104.071,102.729,102.789,10364701.235437,
2022-01-27,EMB.DE,103.587,103.833,103.133,103.37,7533503.1481819,
2022-01-28,EMB.DE,103.302,103.796,103.064,103.696,7342767.8181442,
2022-01-31,EMB.DE,103.37,103.766,103.33,103.666,4889487.2664446,
2022-02-01,EMB.DE,103.568,103.568,103.055,103.568,5997497.9518784,
2022-02-02,EMB.DE,103.913,104.11,103.796,104.042,7364759.1065086,
2022-02-03,EMB.DE,103.41,103.499,103.083,103.143,6864325.6239855,
2022-02-04,EMB.DE,102.689,102.866,102.392,102.649,9998679.7795535,
2022-02-07,EMB.DE,102.412,102.669,102.295,102.532,5118865.3577977,
2022-02-08,EMB.DE,102.265,102.305,102.086,102.265,6137601.2575032,
2022-02-09,EMB.DE,102.59,102.769,102.492,102.629,5548079.3561024,
2022-02-10,EMB.DE,102.176,102.442,101.208,101.288,10029974.217496,
2022-02-11,EMB.DE,101.515,101.712,100.191,100.695,11243342.945287,
2022-02-14,EMB.DE,101.031,101.298,100.695,101.08,11343252.795857,
2022-02-15,EMB.DE,101.564,101.682,101.317,101.465,7506575.1640045,
2022-02-16,EMB.DE,101.672,101.82,101.365,101.752,5631194.9199928,
2022-02-17,EMB.DE,101.505,101.632,101.129,101.288,10556127.338257,
2022-02-18,EMB.DE,101.395,101.545,101.021,101.327,7370748.167309,
2022-02-22,EMB.DE,100.655,100.882,99.8169,100.044,16578256.100307,
2022-02-23,EMB.DE,99.7871,99.8846,98.3647,98.3647,15169090.764477,
2022-02-24,EMB.DE,95.5973,97.4376,95.2824,97.3685,22360299.792868,
2022-02-25,EMB.DE,99.1543,99.3417,98.1554,98.5424,15338586.350733,
2022-02-28,EMB.DE,96.3456,97.9491,96.3259,97.5847,12169792.816619,
2022-03-01,EMB.DE,96.6271,99.2436,95.699,96.0841,15842159.709542,
2022-03-02,EMB.DE,96.3605,97.4465,95.5212,95.8767,15668278.425119,
2022-03-03,EMB.DE,95.778,96.5876,95.1807,95.462,10125160.073549,
2022-03-04,EMB.DE,94.5637,94.5883,93.0826,93.4084,9643208.3079927,
2022-03-07,EMB.DE,93.3986,93.3986,92.4903,92.6779,6454825.997306,
2022-03-08,EMB.DE,92.8062,94.6524,92.8062,93.4875,10415317.054036,
2022-03-09,EMB.DE,94.455,95.0473,94.0501,94.3958,10353717.745614,
2022-03-10,EMB.DE,94.0501,94.6524,93.754,94.534,7419760.6232761,
2022-03-11,EMB.DE,94.5637,94.6722,93.5912,93.8033,5784810.8351456,
2022-03-14,EMB.DE,93.9317,94.1292,93.2999,93.6059,5582147.0138096,
2022-03-15,EMB.DE,93.8428,94.3069,93.754,94.1687,7724048.0599157,
2022-03-16,EMB.DE,95.077,96.1729,94.0798,96.0939,13419900.122688,
2022-03-17,EMB.DE,95.7385,97.1602,95.5212,96.7061,8907807.7543267,
2022-03-18,EMB.DE,96.1433,96.6666,96.0051,96.3111,7080028.0348165,
2022-03-21,EMB.DE,95.6891,95.8964,94.5143,94.6229,7136394.891337,
2022-03-22,EMB.DE,94.5932,94.7364,94.3563,94.455,7290223.5077866,
2022-03-23,EMB.DE,94.3069,94.8005,94.2378,94.534,6206500.2718595,
2022-03-24,EMB.DE,94.524,94.9585,94.1499,94.9092,6844103.807838,
2022-03-25,EMB.DE,94.7611,94.771,94.2132,94.6919,4281198.0206211,
2022-03-28,EMB.DE,95.0869,95.6298,94.9585,95.6102,8199830.4750006,
2022-03-29,EMB.DE,96.3703,96.8344,96.321,96.5481,9362482.0978608,
2022-03-30,EMB.DE,96.0544,96.7308,96.0544,96.6172,4813026.2145547,
2022-03-31,EMB.DE,96.6074,96.9479,96.395,96.5184,5308144.1903838,
2022-04-01,EMB.DE,95.7583,96.7554,95.5262,96.4888,8792989.568577,
2022-04-04,EMB.DE,96.4493,97.0713,96.3309,96.864,5179798.2021565,
2022-04-05,EMB.DE,96.2617,96.479,95.1658,95.3041,7845707.1245164,
2022-04-06,EMB.DE,94.5637,95.4522,94.3859,95.0178,7817816.9201868,
2022-04-07,EMB.DE,94.8005,95.0276,94.4846,94.7413,4613350.3400073,
2022-04-08,EMB.DE,94.3563,94.4056,93.8527,93.9219,5980630.7390406,
2022-04-11,EMB.DE,93.3097,93.3196,92.6976,92.8062,6462488.3083081,
2022-04-12,EMB.DE,93.4875,93.6948,93.0629,93.1518,5697668.1267021,
2022-04-13,EMB.DE,93.2801,93.7241,93.1913,93.3887,4561006.5765868,
2022-04-14,EMB.DE,93.2505,93.3492,92.4606,92.5199,6845535.9965699,
2022-04-18,EMB.DE,92.6285,92.9099,92.3619,92.4705,2571638.6947463,
2022-04-19,EMB.DE,92.1053,92.3916,91.9966,92.1053,4458714.471493,
2022-04-20,EMB.DE,92.5693,92.8161,92.3767,92.7371,3289332.3718837,
2022-04-21,EMB.DE,92.6482,92.668,91.7103,91.8979,5562871.2120012,
2022-04-22,EMB.DE,91.809,91.9867,90.2096,90.9205,8668948.249452,
2022-04-25,EMB.DE,90.9797,92.1053,90.9797,91.9867,9224672.9276516,
2022-04-26,EMB.DE,92.0559,92.0559,91.3549,91.3549,5314525.2292884,
2022-04-27,EMB.DE,91.1673,91.5228,91.0094,91.1081,5643104.1668881,
2022-04-28,EMB.DE,90.9797,91.3647,90.6144,91.2759,4353948.9541765,
2022-04-29,EMB.DE,90.4761,90.7526,89.637,89.7259,8376413.0658934,
2022-05-02,EMB.DE,89.8051,89.8416,88.804,89.2302,6977401.8226978,
2022-05-03,EMB.DE,89.7457,89.9322,89.5672,89.6068,5232077.3212907,
2022-05-04,EMB.DE,89.7259,91.2523,89.4285,91.1433,9741424.8151358,
2022-05-05,EMB.DE,90.2413,90.2413,89.1212,89.7754,9263817.5560632,
2022-05-06,EMB.DE,89.0319,89.2401,88.3778,88.5661,6840881.0659031,
2022-05-09,EMB.DE,88.0903,88.2192,87.446,87.7831,7346538.4208347,
2022-05-10,EMB.DE,88.4074,88.6454,88.1002,88.2192,6914500.9657452,
2022-05-11,EMB.DE,88.13,88.9725,87.8029,88.6058,7941025.1147239,
2022-05-12,EMB.DE,88.348,88.8139,88.2142,88.6652,5938469.8140958,
2022-05-13,EMB.DE,88.7346,89.0914,88.2935,88.5165,5195772.8057684,
2022-05-16,EMB.DE,88.467,88.685,87.9862,88.0407,4875447.4501846,
2022-05-17,EMB.DE,88.3282,88.5413,88.1182,88.3579,4404596.4668986,
2022-05-18,EMB.DE,88.1796,88.2885,87.7434,87.7929,5021511.9383426,
2022-05-19,EMB.DE,87.9318,88.5661,87.8227,88.2687,5112098.6959087,
2022-05-20,EMB.DE,88.5165,88.913,88.2411,88.8436,3869951.7934404,
2022-05-23,EMB.DE,88.8832,89.1608,88.695,88.9032,3668113.9813193,
2022-05-24,EMB.DE,88.9032,89.6961,88.8634,89.6763,4510490.5221364,
2022-05-25,EMB.DE,89.815,90.5634,89.7605,90.4693,6473480.7005016,
2022-05-26,EMB.DE,90.4296,90.9549,90.39,90.7666,4662218.7003444,
2022-05-27,EMB.DE,91.2325,91.8074,90.7468,90.9153,6091625.516604,
2022-05-31,EMB.DE,90.8162,90.8459,90.2115,90.4495,7203936.3096364,
2022-06-01,EMB.DE,90.5584,90.6378,89.5474,89.9538,6450776.5065977,
2022-06-02,EMB.DE,90.3503,90.9451,89.7655,90.826,5511470.5613773,
2022-06-03,EMB.DE,89.934,90.4197,89.8844,90.2115,5304058.8469537,
2022-06-06,EMB.DE,90.1224,90.1224,88.9824,89.0221,5653049.6975648,
2022-06-07,EMB.DE,89.1112,89.6763,89.0914,89.5474,4561014.7938496,
2022-06-08,EMB.DE,89.141,89.2599,88.6256,88.6652,5467797.3974536,
2022-06-09,EMB.DE,88.4274,88.5463,87.8425,87.9318,6693893.4789927,
2022-06-10,EMB.DE,87.3964,87.5154,86.4052,86.4548,9179921.4989626,
2022-06-13,EMB.DE,84.9183,85.1365,83.5802,84.1651,11699328.366277,
2022-06-14,EMB.DE,85.0472,85.1761,83.6893,84.1254,9212998.6998303,
2022-06-15,EMB.DE,85.295,86.772,84.2047,86.6431,10198405.10471,
2022-06-16,EMB.DE,84.5418,85.0175,84.0064,84.7201,11027403.27115,
2022-06-17,EMB.DE,85.1761,85.4586,84.502,85.1761,7749213.2647899,
2022-06-21,EMB.DE,84.9481,85.533,84.8094,84.9283,6712649.029709,
2022-06-22,EMB.DE,85.0274,85.4437,84.9977,85.0572,4458296.6018602,
2022-06-23,EMB.DE,85.4536,85.72,85.3,85.6221,6764307.2500534,
2022-06-24,EMB.DE,85.6123,86.197,85.5528,85.7312,2852111.8346917,
2022-06-27,EMB.DE,85.4437,85.5321,84.5318,84.5616,7825733.6115315,
2022-06-28,EMB.DE,84.4227,84.5888,83.7091,83.9173,5896761.8921061,
2022-06-29,EMB.DE,83.838,84.284,83.3324,84.2245,5675349.3421794,
2022-06-30,EMB.DE,83.9668,84.7201,83.5406,84.5714,5932233.0966235,
2022-07-01,EMB.DE,84.9283,85.5924,84.9233,85.3941,6149102.7900672,
2022-07-05,EMB.DE,84.4723,84.7598,84.2493,84.7201,4761864.940748,
2022-07-06,EMB.DE,84.3732,84.5814,83.9371,84.0362,5289591.9222444,
2022-07-07,EMB.DE,84.2245,84.5418,84.1651,84.284,5591550.1347838,
2022-07-08,EMB.DE,84.0858,84.0858,83.4811,83.8875,3630975.1459412,
2022-07-11,EMB.DE,83.6397,83.833,82.8048,83.1837,9472581.1309548,
2022-07-12,EMB.DE,82.6782,83.04,82.6386,82.9459,7390724.0811148,
2022-07-13,EMB.DE,81.6474,82.6782,81.5383,82.6088,11573806.104126,
2022-07-14,EMB.DE,81.6474,81.8109,81.1518,81.1616,10297256.37045,
2022-07-15,EMB.DE,81.8357,82.2272,81.6424,81.9745,6210441.9455239,
2022-07-18,EMB.DE,82.4106,82.7872,81.8737,82.0141,7895700.4615569,
2022-07-19,EMB.DE,82.2519,83.2432,82.2024,83.2135,6202753.4913253,
2022-07-20,EMB.DE,83.4513,83.9173,83.3424,83.8677,6264918.8958292,
2022-07-21,EMB.DE,83.9965,84.3931,83.9866,84.3336,7518370.9836736,
2022-07-22,EMB.DE,84.6409,85.2554,84.6409,85.2554,5073203.4507733,
2022-07-25,EMB.DE,84.8887,85.3941,84.8887,85.3149,5512471.341664,
2022-07-26,EMB.DE,84.9878,85.077,84.4079,84.5219,6928535.0933345,
2022-07-27,EMB.DE,84.6507,85.9294,84.5714,85.8006,5783091.6126242,
2022-07-28,EMB.DE,86.1673,87.0396,86.0781,86.9108,6739244.3622881,
2022-07-29,EMB.DE,86.9404,87.5699,86.9306,87.2478,6676561.4171722,
2022-08-01,EMB.DE,87.2577,87.825,87.0587,87.6458,4368063.5683889,
2022-08-02,EMB.DE,87.198,87.2876,86.372,86.372,6302874.0471908,
2022-08-03,EMB.DE,86.7004,88.1036,86.6009,88.034,4511076.3498417,
2022-08-04,EMB.DE,88.1832,88.5589,88.0539,88.223,6205590.507968,
2022-08-05,EMB.DE,87.2876,88.0439,87.1781,88.0439,5159281.2492113,
2022-08-08,EMB.DE,88.5813,89.4173,88.5714,89.3476,7158849.6164473,
2022-08-09,EMB.DE,88.7306,88.8202,87.8349,87.8548,6226159.5731737,
2022-08-10,EMB.DE,88.7704,89.7307,88.442,89.4272,8901472.4768137,
2022-08-11,EMB.DE,90.0641,90.2731,88.86,89.059,10348598.156853,
2022-08-12,EMB.DE,89.1187,89.7954,88.9993,89.7357,6963094.8176757,
2022-08-15,EMB.DE,89.3277,90.0741,89.2481,89.5665,11652049.871027,
2022-08-16,EMB.DE,88.7903,89.0667,88.4569,88.7903,9634690.8198894,
2022-08-17,EMB.DE,87.8847,88.0141,87.208,87.815,7879688.3364974,
2022-08-18,EMB.DE,87.8747,87.8847,87.4568,87.7155,4039591.5740023,
2022-08-19,EMB.DE,86.999,87.1283,86.362,86.382,6296982.6730188,
2022-08-22,EMB.DE,85.954,85.964,85.5808,85.745,5221605.4163006,
2022-08-23,EMB.DE,86.2327,87.0189,86.1033,86.6507,5351479.9208816,
2022-08-24,EMB.DE,86.8198,86.9691,86.4466,86.571,3084202.2057166,
2022-08-25,EMB.DE,86.8994,87.4866,86.4616,87.4866,3958986.36132,
2022-08-26,EMB.DE,87.3274,87.5065,86.1232,86.1232,4769231.683507,
2022-08-29,EMB.DE,85.964,85.964,85.4763,85.6057,4413432.0732271,
2022-08-30,EMB.DE,85.9441,86.0176,85.1081,85.5759,4871650.9575743,
2022-08-31,EMB.DE,85.337,85.4664,84.8494,84.8892,4082311.3218359,
2022-09-01,EMB.DE,84.093,84.4413,83.8343,84.3717,8228912.2768845,
2022-09-02,EMB.DE,84.8096,85.5161,84.2075,84.6702,7409337.0196493,
2022-09-06,EMB.DE,84.4812,84.6404,83.7746,83.894,7815989.5489292,
2022-09-07,EMB.DE,84.2025,85.1977,84.0134,85.1678,7935993.5147943,
2022-09-08,EMB.DE,84.9588,85.3868,84.7648,85.1977,5683650.729583,
2022-09-09,EMB.DE,85.3768,85.964,85.3768,85.7152,7105195.204834,
2022-09-12,EMB.DE,86.0933,86.2924,85.6505,85.6853,4500188.91352,
2022-09-13,EMB.DE,84.511,84.8756,84.302,84.3717,6814121.3281233,
2022-09-14,EMB.DE,84.2025,84.715,84.1428,84.312,5235256.1613333,
2022-09-15,EMB.DE,84.3518,84.8593,84.0831,84.2523,6551656.2377082,
2022-09-16,EMB.DE,83.5576,84.1179,83.471,83.7945,5562861.984044,
2022-09-19,EMB.DE,83.6054,84.1129,83.5706,84.0881,4856922.0197245,
2022-09-20,EMB.DE,83.3765,83.5357,83.0879,83.3168,4286875.5487785,
2022-09-21,EMB.DE,83.486,83.8293,82.7097,83.0779,7422708.4192923,
2022-09-22,EMB.DE,83.058,83.058,82.2123,82.5206,7332423.587405,
2022-09-23,EMB.DE,82.023,82.028,81.0179,81.5255,9798152.0858041,
2022-09-26,EMB.DE,80.5502,80.9084,79.4157,79.6048,11992898.473921,
2022-09-27,EMB.DE,80.0426,80.1621,78.2115,78.3309,13979227.075492,
2022-09-28,EMB.DE,78.6295,80.2616,78.4205,80.2118,10115559.792112,
2022-09-29,EMB.DE,79.356,79.5152,78.3309,79.1967,9014272.7480789,
2022-09-30,EMB.DE,79.6247,79.6645,78.8235,79.0176,11634734.476224,
2022-10-03,EMB.DE,79.356,80.5701,79.2664,79.8436,13678931.786403,
2022-10-04,EMB.DE,81.2767,81.5354,80.9482,81.3463,9889726.1268101,
2022-10-05,EMB.DE,80.4407,80.5004,79.7839,80.1919,11080364.506806,
2022-10-06,EMB.DE,80.3312,80.5601,79.7092,79.8834,8508708.8395354,
2022-10-07,EMB.DE,79.2664,79.4356,78.6195,78.8086,6066826.1880536,
2022-10-10,EMB.DE,79.0474,79.0474,78.0722,78.5797,2409388.1507186,
2022-10-11,EMB.DE,78.51,78.9778,78.1219,78.52,9723136.7954344,
2022-10-12,EMB.DE,78.52,78.53,78.0125,78.2413,6789507.7838041,
2022-10-13,EMB.DE,76.9576,78.51,76.7187,78.0025,9244932.6576492,
2022-10-14,EMB.DE,78.6792,78.6792,77.3656,77.4253,8093791.5051106,
2022-10-17,EMB.DE,78.1219,78.5648,77.7637,77.8532,7375312.14828,
2022-10-18,EMB.DE,78.2613,78.7489,77.8035,78.6792,9114464.2929052,
2022-10-19,EMB.DE,77.7139,78.0274,77.3656,77.5049,8687069.8660202,
2022-10-20,EMB.DE,76.9874,77.7139,76.4749,76.7187,6598766.1294541,
2022-10-21,EMB.DE,76.6192,77.6144,75.9773,77.5646,10841328.254902,
2022-10-24,EMB.DE,77.2661,77.8831,76.8879,77.5149,7421539.7909174,
2022-10-25,EMB.DE,77.9527,78.928,77.8632,78.8584,9337419.0929496,
2022-10-26,EMB.DE,78.8783,79.8336,78.8783,79.3759,7055529.0013205,
2022-10-27,EMB.DE,79.3659,79.9033,79.2067,79.555,6929407.5723889,
2022-10-28,EMB.DE,79.4256,79.9779,79.3858,79.754,4800631.9140206,
2022-10-31,EMB.DE,79.2763,79.2763,78.3608,78.52,27201099.562367,
2022-11-01,EMB.DE,79.7,80.08,79.26,80.03,11197860.0,
2022-11-02,EMB.DE,80.03,80.92,79.29,79.42,8725474.0,
2022-11-03,EMB.DE,78.52,79.33,78.24,79.14,9378525.0,
2022-11-04,EMB.DE,79.87,80.54,79.64,80.41,10249598.0,
2022-11-07,EMB.DE,80.66,80.66,80.1,80.38,4683174.0,
2022-11-08,EMB.DE,80.55,81.31,80.43,80.94,5413831.0,
2022-11-09,EMB.DE,80.67,81.29,79.49,79.85,11738838.0,
2022-11-10,EMB.DE,82.2299,83.575,82.09,83.52,14982492.0,
2022-11-11,EMB.DE,83.64,83.79,83.0,83.5,6558268.0,
2022-11-14,EMB.DE,82.94,83.26,82.73,82.79,9605638.0,
2022-11-15,EMB.DE,83.96,84.41,83.04,84.35,19587622.0,
2022-11-16,EMB.DE,84.27,84.49,84.05,84.35,10058467.0,
2022-11-17,EMB.DE,83.39,83.85,83.29,83.59,6657543.0,
2022-11-18,EMB.DE,83.93,84.02,83.2403,83.59,4390769.0,
2022-11-21,EMB.DE,83.93,83.99,83.425,83.6,4628328.0,
2022-11-22,EMB.DE,83.92,84.48,83.9,84.47,5782285.0,
2022-11-23,EMB.DE,84.68,85.17,84.56,85.02,2946464.0,
2022-11-25,EMB.DE,84.96,85.43,84.96,85.41,1721973.0,
2022-11-28,EMB.DE,85.41,85.63,84.98,85.07,5452434.0,
2022-11-29,EMB.DE,85.33,85.6,85.1,85.46,4721769.0,
2022-11-30,EMB.DE,85.46,86.575,85.29,86.43,5681478.0,
2022-12-01,EMB.DE,86.53,87.86,86.35,87.8,13699706.0,
2022-12-02,EMB.DE,86.51,87.44,86.31,87.43,5625467.0,
2022-12-05,EMB.DE,86.72,86.92,85.97,86.09,6934096.0,
2022-12-06,EMB.DE,85.97,86.03,85.37,85.62,6509205.0,
2022-12-07,EMB.DE,86.14,86.875,86.13,86.86,6651205.0,
2022-12-08,EMB.DE,86.86,87.175,86.54,86.7,5667657.0,
2022-12-09,EMB.DE,86.36,86.73,86.1,86.1,6389817.0,
2022-12-12,EMB.DE,86.56,86.63,86.17,86.42,5203769.0,
2022-12-13,EMB.DE,88.38,88.3894,87.09,87.25,10831847.0,
2022-12-14,EMB.DE,87.18,87.555,86.22,87.12,6368171.0,
2022-12-15,EMB.DE,86.69,86.79,86.085,86.32,6103959.0,
2022-12-16,EMB.DE,85.96,86.07,85.58,85.87,5663860.0,
2022-12-19,EMB.DE,85.7199,85.78,85.34,85.4,5357498.0,
2022-12-20,EMB.DE,84.93,85.23,84.75,84.97,5477513.0,
2022-12-21,EMB.DE,85.75,86.18,85.635,86.08,6668681.0,
2022-12-22,EMB.DE,86.04,86.04,85.41,85.64,4473672.0,
2022-12-23,EMB.DE,85.38,85.48,84.98,85.18,2268131.0,
2022-12-27,EMB.DE,85.06,85.08,84.63,84.67,2358609.0,
2022-12-28,EMB.DE,84.84,85.11,84.28,84.36,5823364.0,
2022-12-29,EMB.DE,84.96,85.125,84.62,85.01,4331977.0,
2022-12-30,EMB.DE,84.71,84.86,84.42,84.59,2465727.0,
2023-01-03,EMB.DE,85.6,85.62,84.91,84.96,6537940.0,
2023-01-04,EMB.DE,85.67,86.09,85.525,86.0,6323592.0,
2023-01-05,EMB.DE,85.17,85.38,84.875,85.22,6627525.0,
2023-01-06,EMB.DE,85.35,86.75,85.2301,86.73,8135421.0,
2023-01-09,EMB.DE,86.26,86.9199,86.15,86.56,8375355.0,
2023-01-10,EMB.DE,86.14,86.14,85.74,86.02,8733322.0,
2023-01-11,EMB.DE,87.0,87.165,86.75,87.0,21637033.0,
2023-01-12,EMB.DE,87.41,88.155,86.66,88.03,11071998.0,
2023-01-13,EMB.DE,87.66,88.21,87.62,87.82,7729693.0,
2023-01-17,EMB.DE,87.32,88.035,87.25,87.91,7286448.0,
2023-01-18,EMB.DE,89.08,89.48,88.61,88.95,13413442.0,
2023-01-19,EMB.DE,88.63,88.84,88.28,88.7,10620046.0,
2023-01-20,EMB.DE,88.33,88.535,88.18,88.5,6131618.0,
2023-01-23,EMB.DE,88.35,88.645,88.25,88.45,4270789.0,
2023-01-24,EMB.DE,88.18,88.87,88.015,88.84,6428696.0,
2023-01-25,EMB.DE,88.46,88.8,88.305,88.78,6291244.0,
2023-01-26,EMB.DE,88.52,88.805,88.2128,88.78,5835030.0,
2023-01-27,EMB.DE,88.27,88.75,88.27,88.61,4154647.0,
2023-01-30,EMB.DE,87.92,88.25,87.48,87.48,6648733.0,
2023-01-31,EMB.DE,87.7,87.97,87.5,87.91,10027584.0,
2023-02-01,EMB.DE,88.02,89.315,87.87,89.26,8471973.0,
2023-02-02,EMB.DE,89.79,89.97,89.3299,89.55,14188362.0,
2023-02-03,EMB.DE,88.37,88.79,88.24,88.32,9055991.0,
2023-02-06,EMB.DE,87.5,87.58,87.0,87.07,8997733.0,
2023-02-07,EMB.DE,87.06,87.82,86.76,87.15,8378747.0,
2023-02-08,EMB.DE,87.15,87.24,86.66,87.1,7534874.0,
2023-02-09,EMB.DE,87.53,87.64,86.39,86.53,7788509.0,
2023-02-10,EMB.DE,86.3,86.34,85.5525,85.86,10120161.0,
2023-02-13,EMB.DE,86.11,86.245,85.865,86.1,6715149.0,
2023-02-14,EMB.DE,86.2,86.365,85.72,86.15,13109646.0,
2023-02-15,EMB.DE,85.9,86.06,85.685,85.9,8657135.0,
2023-02-16,EMB.DE,85.69,85.8078,85.32,85.34,8208860.0,
2023-02-17,EMB.DE,85.11,85.435,85.005,85.37,8941448.0,
2023-02-21,EMB.DE,84.695,84.75,84.01,84.08,7284747.0,
2023-02-22,EMB.DE,84.6,84.8275,84.33,84.41,8897136.0,
2023-02-23,EMB.DE,85.32,85.835,85.05,85.76,7930216.0,
2023-02-24,EMB.DE,85.0,85.35,84.85,85.17,5162395.0,
2023-02-27,EMB.DE,85.62,85.71,85.265,85.6,6826423.0,
2023-02-28,EMB.DE,85.19,85.376,84.8,85.24,5695153.0,
2023-03-01,EMB.DE,84.75,84.845,84.24,84.3,7304163.0,
2023-03-02,EMB.DE,83.71,84.08,83.6,83.99,8891397.0,
2023-03-03,EMB.DE,84.6,85.3,84.5,85.28,6299893.0,
2023-03-06,EMB.DE,85.47,85.49,84.865,84.94,4664795.0,
2023-03-07,EMB.DE,85.11,85.13,84.415,84.59,6995042.0,
2023-03-08,EMB.DE,84.58,84.99,84.08,84.19,6783886.0,
2023-03-09,EMB.DE,84.42,84.7,84.1,84.21,11879339.0,
2023-03-10,EMB.DE,84.88,85.175,84.64,85.0,8826236.0,
2023-03-13,EMB.DE,84.75,85.65,84.73,84.86,14656781.0,
2023-03-14,EMB.DE,84.89,85.19,84.505,84.63,7247103.0,
2023-03-15,EMB.DE,84.6,84.95,84.2999,84.94,11381482.0,
2023-03-16,EMB.DE,85.0,85.16,84.38,84.58,7363819.0,
2023-03-17,EMB.DE,84.6,84.65,84.19,84.2,20251571.0,
2023-03-20,EMB.DE,84.07,84.56,84.07,84.21,9517712.0,
2023-03-21,EMB.DE,84.79,84.92,84.62,84.81,5544046.0,
2023-03-22,EMB.DE,84.78,86.055,84.63,85.55,9077570.0,
2023-03-23,EMB.DE,85.51,85.86,85.33,85.86,6410188.0,
2023-03-24,EMB.DE,85.6,85.84,85.34,85.39,4949920.0,
2023-03-27,EMB.DE,85.05,85.275,84.99,85.03,4239509.0,
2023-03-28,EMB.DE,85.01,85.04,84.57,84.73,11901430.0,
2023-03-29,EMB.DE,84.98,85.155,84.91,85.14,6385521.0,
2023-03-30,EMB.DE,85.57,85.77,85.4107,85.73,6493131.0,
2023-03-31,EMB.DE,85.83,86.395,85.8,86.28,7196327.0,
2023-04-03,EMB.DE,85.98,86.35,85.85,86.24,6276957.0,
2023-04-04,EMB.DE,86.1,86.45,86.04,86.36,4683198.0,
2023-04-05,EMB.DE,86.19,86.42,85.93,86.18,4969987.0,
2023-04-06,EMB.DE,86.19,86.24,86.02,86.09,3563690.0,
2023-04-10,EMB.DE,85.64,85.705,85.45,85.64,4056132.0,
2023-04-11,EMB.DE,85.85,85.9,85.67,85.73,4433047.0,
2023-04-12,EMB.DE,86.23,86.34,85.735,85.98,4639130.0,
2023-04-13,EMB.DE,86.17,86.345,85.995,86.07,2987554.0,
2023-04-14,EMB.DE,85.89,86.06,85.67,85.89,4158251.0,
2023-04-17,EMB.DE,85.71,85.72,85.175,85.34,6169655.0,
2023-04-18,EMB.DE,85.24,85.6,85.24,85.32,4666099.0,
2023-04-19,EMB.DE,85.0,85.09,84.87,84.91,5465990.0,
2023-04-20,EMB.DE,84.84,85.035,84.755,84.81,6161301.0,
2023-04-21,EMB.DE,85.01,85.12,84.64,84.82,2954964.0,
2023-04-24,EMB.DE,84.71,85.09,84.71,85.05,4877131.0,
2023-04-25,EMB.DE,85.21,85.68,85.21,85.57,4325762.0,
2023-04-26,EMB.DE,85.69,85.76,85.28,85.34,5070481.0,
2023-04-27,EMB.DE,85.43,85.46,85.28,85.36,3661123.0,
2023-04-28,EMB.DE,85.68,86.15,85.68,86.15,7019681.0,
2023-05-01,EMB.DE,85.38,85.57,84.82,84.95,7072326.0,
2023-05-02,EMB.DE,85.11,85.41,85.04,85.31,4142921.0,
2023-05-03,EMB.DE,85.55,85.82,85.4,85.58,3694680.0,
2023-05-04,EMB.DE,85.59,85.59,85.105,85.15,6763769.0,
2023-05-05,EMB.DE,85.14,85.465,85.09,85.39,4066360.0,
2023-05-08,EMB.DE,85.22,85.22,84.965,85.05,3406094.0,
2023-05-09,EMB.DE,85.0,85.11,84.89,85.01,3094541.0,
2023-05-10,EMB.DE,85.45,85.535,85.335,85.48,3712735.0,
2023-05-11,EMB.DE,85.76,85.88,85.6,85.75,3556597.0,
2023-05-12,EMB.DE,85.58,85.67,85.18,85.21,5072168.0,
2023-05-15,EMB.DE,84.84,84.95,84.785,84.84,4737010.0,
2023-05-16,EMB.DE,84.68,84.74,84.47,84.51,2822764.0,
2023-05-17,EMB.DE,84.65,84.718,84.44,84.52,4034557.0,
2023-05-18,EMB.DE,84.35,84.43,84.15,84.18,4421171.0,
2023-05-19,EMB.DE,84.31,84.46,84.145,84.17,4407388.0,
2023-05-22,EMB.DE,84.32,84.38,84.085,84.16,3578893.0,
2023-05-23,EMB.DE,84.23,84.3,83.99,84.26,3190719.0,
2023-05-24,EMB.DE,84.46,84.46,84.03,84.12,4770703.0,
2023-05-25,EMB.DE,84.27,84.34,83.8,83.9,4018980.0,
2023-05-26,EMB.DE,83.89,84.285,83.89,84.25,4146751.0,
2023-05-30,EMB.DE,84.53,84.905,84.48,84.89,4482068.0,
2023-05-31,EMB.DE,84.51,84.98,84.51,84.78,4623648.0,
2023-06-01,EMB.DE,84.5,84.99,84.39,84.99,9882575.0,
2023-06-02,EMB.DE,85.07,85.13,84.81,84.86,4724115.0,
2023-06-05,EMB.DE,84.91,85.16,84.77,85.14,6430322.0,
2023-06-06,EMB.DE,85.04,85.325,84.84,85.29,3854263.0,
2023-06-07,EMB.DE,85.22,85.34,84.78,84.79,3861338.0,
2023-06-08,EMB.DE,84.81,85.28,84.79,85.27,4117756.0,
2023-06-09,EMB.DE,85.13,85.3399,85.09,85.17,3415218.0,
2023-06-12,EMB.DE,85.47,85.68,85.225,85.64,5517560.0,
2023-06-13,EMB.DE,85.72,85.91,85.32,85.51,3637287.0,
2023-06-14,EMB.DE,85.54,85.89,85.26,85.69,3561105.0,
2023-06-15,EMB.DE,85.85,86.13,85.695,86.13,5592394.0,
2023-06-16,EMB.DE,86.02,86.03,85.71,85.79,2511554.0,
2023-06-20,EMB.DE,85.9,86.13,85.82,85.83,3889808.0,
2023-06-21,EMB.DE,85.93,86.45,85.7,86.28,11177187.0,
2023-06-22,EMB.DE,86.11,86.1705,85.86,85.95,3848207.0,
2023-06-23,EMB.DE,86.18,86.41,86.05,86.05,2917332.0,
2023-06-26,EMB.DE,86.25,86.42,86.198,86.32,3700902.0,
2023-06-27,EMB.DE,86.37,86.5302,86.21,86.32,4381272.0,
2023-06-28,EMB.DE,86.34,86.435,86.165,86.38,4503641.0,
2023-06-29,EMB.DE,86.05,86.05,85.76,85.92,4319023.0,
2023-06-30,EMB.DE,86.18,86.62,86.125,86.54,4943337.0,
2023-07-03,EMB.DE,86.22,86.41,86.12,86.36,5083076.0,
2023-07-05,EMB.DE,86.21,86.21,85.82,85.92,5234794.0,
2023-07-06,EMB.DE,85.28,85.28,84.55,84.69,7823146.0,
2023-07-07,EMB.DE,84.53,84.8963,84.27,84.59,5414508.0,
2023-07-10,EMB.DE,84.69,85.005,84.69,84.95,3788712.0,
2023-07-11,EMB.DE,85.37,85.52,85.29,85.49,5984733.0,
2023-07-12,EMB.DE,86.21,86.58,86.165,86.51,4950608.0,
2023-07-13,EMB.DE,87.19,87.53,87.01,87.45,6892567.0,
2023-07-14,EMB.DE,87.25,87.3,86.93,86.94,3907065.0,
2023-07-17,EMB.DE,86.88,87.14,86.85,87.07,2214530.0,
2023-07-18,EMB.DE,87.15,87.595,87.13,87.5,5535792.0,
2023-07-19,EMB.DE,87.46,87.63,87.14,87.26,6555507.0,
2023-07-20,EMB.DE,86.94,86.95,86.575,86.73,6902764.0,
2023-07-21,EMB.DE,86.96,87.135,86.87,87.0,6036801.0,
2023-07-24,EMB.DE,87.33,87.46,87.11,87.17,5910229.0,
2023-07-25,EMB.DE,86.94,87.155,86.82,87.06,3301263.0,
2023-07-26,EMB.DE,87.24,87.47,87.05,87.34,3514410.0,
2023-07-27,EMB.DE,87.41,87.42,86.47,86.51,6565048.0,
2023-07-28,EMB.DE,87.08,87.565,86.99,87.56,4310253.0,
2023-07-31,EMB.DE,87.64,87.79,87.505,87.68,4705577.0,
2023-08-01,EMB.DE,86.88,86.93,86.46,86.46,8951262.0,
2023-08-02,EMB.DE,86.29,86.29,85.525,85.84,8750577.0,
2023-08-03,EMB.DE,85.38,85.43,85.09,85.11,7353993.0,
2023-08-04,EMB.DE,85.7,86.395,85.7,86.24,6336610.0,
2023-08-07,EMB.DE,86.11,86.21,85.9199,85.96,2721244.0,
2023-08-08,EMB.DE,86.21,86.275,86.0,86.18,4013250.0,
2023-08-09,EMB.DE,86.29,86.4,86.17,86.36,3012990.0,
2023-08-10,EMB.DE,86.41,86.72,86.02,86.03,4229106.0,
2023-08-11,EMB.DE,86.05,86.14,85.77,85.83,4950628.0,
2023-08-14,EMB.DE,85.39,85.4,85.1,85.14,4343638.0,
2023-08-15,EMB.DE,84.73,84.77,84.41,84.42,8907194.0,
2023-08-16,EMB.DE,84.59,84.68,84.25,84.26,6894590.0,
2023-08-17,EMB.DE,84.21,84.3,84.01,84.19,6233622.0,
2023-08-18,EMB.DE,84.11,84.4,84.04,84.17,4198857.0,
2023-08-21,EMB.DE,84.09,84.09,83.63,83.75,5360879.0,
2023-08-22,EMB.DE,83.97,84.08,83.86,83.98,5616764.0,
2023-08-23,EMB.DE,84.63,85.33,84.5901,85.33,5303823.0,
2023-08-24,EMB.DE,85.19,85.19,84.71,84.75,5073662.0,
2023-08-25,EMB.DE,84.81,85.15,84.605,84.88,4679754.0,
2023-08-28,EMB.DE,85.1,85.24,85.0,85.15,3304353.0,
2023-08-29,EMB.DE,85.13,86.05,85.12,86.03,5649964.0,
2023-08-30,EMB.DE,85.81,85.98,85.72,85.8,3956809.0,
2023-08-31,EMB.DE,85.68,85.85,85.675,85.72,3925115.0,
2023-09-01,EMB.DE,85.53,85.57,84.81,85.15,5214406.0,
2023-09-05,EMB.DE,84.84,84.88,84.295,84.32,5055657.0,
2023-09-06,EMB.DE,84.31,84.44,84.065,84.19,5023319.0,
2023-09-07,EMB.DE,84.34,84.65,84.288,84.64,3756900.0,
2023-09-08,EMB.DE,84.84,85.02,84.6,84.71,3567983.0,
2023-09-11,EMB.DE,84.47,84.6,84.42,84.58,2913751.0,
2023-09-12,EMB.DE,84.53,84.6668,84.435,84.64,2630636.0,
2023-09-13,EMB.DE,84.64,84.795,84.46,84.69,3380848.0,
2023-09-14,EMB.DE,84.85,84.975,84.675,84.72,5665460.0,
2023-09-15,EMB.DE,84.64,84.65,84.43,84.44,5196297.0,
2023-09-18,EMB.DE,84.39,84.555,84.35,84.49,2504085.0,
2023-09-19,EMB.DE,84.41,84.485,84.3,84.39,3252245.0,
2023-09-20,EMB.DE,84.65,84.87,84.32,84.32,5410192.0,
2023-09-21,EMB.DE,83.74,83.78,83.34,83.47,9740022.0,
2023-09-22,EMB.DE,83.75,84.02,83.7,83.81,4928254.0,
2023-09-25,EMB.DE,83.47,83.47,83.275,83.33,5234079.0,
2023-09-26,EMB.DE,83.27,83.32,82.69,82.775,12528228.0,
2023-09-27,EMB.DE,83.09,83.18,82.31,82.42,8379344.0,
2023-09-28,EMB.DE,82.03,82.62,81.84,82.61,8526880.0,
2023-09-29,EMB.DE,83.09,83.13,82.42,82.52,6968216.0,
2023-10-02,EMB.DE,81.82,81.885,81.25,81.27,9072840.0,
2023-10-03,EMB.DE,81.02,81.15,80.225,80.36,8120253.0,
2023-10-04,EMB.DE,80.7,80.84,80.32,80.74,8236642.0,
2023-10-05,EMB.DE,80.99,81.04,80.58,80.71,4510081.0,
2023-10-06,EMB.DE,80.04,80.89,79.84,80.74,7133429.0,
2023-10-09,EMB.DE,80.63,81.16,80.37,81.14,3437802.0,
2023-10-10,EMB.DE,81.05,81.77,80.96,81.27,8594906.0,
2023-10-11,EMB.DE,81.86,81.93,81.505,81.93,6297165.0,
2023-10-12,EMB.DE,81.75,81.75,80.93,81.07,6076156.0,
2023-10-13,EMB.DE,81.63,81.76,81.18,81.3,6174979.0,
2023-10-16,EMB.DE,81.06,81.31,81.05,81.21,4714179.0,
2023-10-17,EMB.DE,80.62,80.98,80.575,80.82,4325329.0,
2023-10-18,EMB.DE,80.47,80.57,80.1039,80.3,6891687.0,
2023-10-19,EMB.DE,80.18,80.66,79.7,79.71,9761702.0,
2023-10-20,EMB.DE,80.19,80.29,80.0,80.15,6853543.0,
2023-10-23,EMB.DE,80.03,80.92,79.87,80.61,6475860.0,
2023-10-24,EMB.DE,80.88,81.28,80.72,81.25,5009196.0,
2023-10-25,EMB.DE,80.92,80.97,80.545,80.64,5211365.0,
2023-10-26,EMB.DE,80.8,81.08,80.66,80.96,5260427.0,
2023-10-27,EMB.DE,81.0,81.08,80.78,81.0,3549810.0,
2023-10-30,EMB.DE,81.04,81.28,80.93,81.21,4727068.0,
2023-10-31,EMB.DE,81.29,81.51,81.17,81.19,5369212.0,
2023-11-01,EMB.DE,80.97,81.93,80.88,81.89,12803103.0,
2023-11-02,EMB.DE,82.61,82.955,82.5,82.71,9214219.0,
2023-11-03,EMB.DE,83.55,83.8747,83.44,83.52,9054981.0,
2023-11-06,EMB.DE,83.2,83.2499,82.77,82.83,7707820.0,
2023-11-07,EMB.DE,82.94,83.25,82.89,83.11,5946435.0,
2023-11-08,EMB.DE,83.08,83.29,83.07,83.27,4679214.0,
2023-11-09,EMB.DE,83.01,83.099,82.29,82.42,6049667.0,
2023-11-10,EMB.DE,82.68,82.805,82.48,82.78,5256871.0,
2023-11-13,EMB.DE,82.21,82.495,82.01,82.34,5480419.0,
2023-11-14,EMB.DE,83.45,83.86,83.3901,83.77,11433038.0,
2023-11-15,EMB.DE,83.56,83.655,83.185,83.25,5009764.0,
2023-11-16,EMB.DE,83.6,84.04,83.6,83.94,6221441.0,
2023-11-17,EMB.DE,84.11,84.315,83.975,84.21,6150703.0,
2023-11-20,EMB.DE,84.07,84.835,84.0,84.74,5572385.0,
2023-11-21,EMB.DE,84.78,84.9275,84.53,84.74,4787628.0,
2023-11-22,EMB.DE,84.9,85.165,84.62,85.16,8192165.0,
2023-11-24,EMB.DE,85.0,85.08,84.88,84.99,1816799.0,
2023-11-27,EMB.DE,84.99,85.4,84.85,85.36,5156660.0,
2023-11-28,EMB.DE,85.21,85.83,85.06,85.8,16016508.0,
2023-11-29,EMB.DE,86.2,86.48,86.075,86.48,7601625.0,
2023-11-30,EMB.DE,86.29,86.305,85.635,85.87,8840490.0,
2023-12-01,EMB.DE,85.5,86.86,85.38,86.85,12641360.0,
2023-12-04,EMB.DE,86.18,86.3,85.93,86.25,6375943.0,
2023-12-05,EMB.DE,86.58,86.89,86.43,86.75,5618180.0,
2023-12-06,EMB.DE,87.26,87.305,86.94,87.23,7588753.0,
2023-12-07,EMB.DE,87.06,87.405,87.06,87.14,5605036.0,
2023-12-08,EMB.DE,86.66,86.9193,86.595,86.84,7276288.0,
2023-12-11,EMB.DE,86.68,86.8,86.38,86.7,5497327.0,
2023-12-12,EMB.DE,86.73,86.95,86.475,86.88,8047886.0,
2023-12-13,EMB.DE,87.02,88.32,86.92,88.32,13651530.0,
2023-12-14,EMB.DE,88.73,89.055,88.61,88.87,9352510.0,
2023-12-15,EMB.DE,88.77,88.99,88.595,88.75,5146168.0,
2023-12-18,EMB.DE,88.83,88.935,88.5945,88.77,6359552.0,
2023-12-19,EMB.DE,88.81,89.135,88.78,88.99,4787807.0,
2023-12-20,EMB.DE,89.02,89.17,88.96,89.0,3027765.0,
2023-12-21,EMB.DE,89.38,89.48,88.95,89.16,2706804.0,
2023-12-22,EMB.DE,89.18,89.31,88.94,89.04,1791784.0,
2023-12-26,EMB.DE,88.95,89.36,88.91,89.36,2646083.0,
2023-12-27,EMB.DE,89.48,89.73,89.35,89.68,3327161.0,
2023-12-28,EMB.DE,89.42,89.595,89.255,89.43,2700208.0,
2023-12-29,EMB.DE,89.21,89.44,89.04,89.06,3815505.0,
2024-01-02,EMB.DE,88.74,88.77,88.09,88.18,11544717.0,
2024-01-03,EMB.DE,87.51,87.885,87.205,87.84,12091696.0,
2024-01-04,EMB.DE,87.27,87.595,87.269,87.44,6256578.0,
2024-01-05,EMB.DE,86.98,87.955,86.94,87.17,9774979.0,
2024-01-08,EMB.DE,86.97,87.49,86.97,87.28,6378682.0,
2024-01-09,EMB.DE,86.82,87.17,86.82,86.94,7946827.0,
2024-01-10,EMB.DE,87.48,87.665,87.39,87.56,5611060.0,
2024-01-11,EMB.DE,87.89,88.4,87.62,88.35,7736910.0,
2024-01-12,EMB.DE,88.45,88.7753,88.383,88.51,7683814.0,
2024-01-16,EMB.DE,88.29,88.29,87.555,87.69,4901088.0,
2024-01-17,EMB.DE,87.4,87.45,87.135,87.36,7209763.0,
2024-01-18,EMB.DE,87.51,87.65,87.2,87.45,5795560.0,
2024-01-19,EMB.DE,87.4,87.49,87.085,87.49,6268244.0,
2024-01-22,EMB.DE,87.53,87.695,87.31,87.55,7577550.0,
2024-01-23,EMB.DE,87.19,87.29,86.785,87.1,7749986.0,
2024-01-24,EMB.DE,87.31,87.48,86.77,86.86,6172851.0,
2024-01-25,EMB.DE,87.18,87.48,87.15,87.48,6469757.0,
2024-01-26,EMB.DE,87.44,87.66,87.28,87.61,3695907.0,
2024-01-29,EMB.DE,87.81,88.02,87.37,87.94,4938248.0,
2024-01-30,EMB.DE,87.95,88.15,87.725,88.14,4118528.0,
2024-01-31,EMB.DE,88.18,88.53,87.81,87.98,7832125.0,
2024-02-01,EMB.DE,88.1,88.52,87.98,88.35,11164704.0,
2024-02-02,EMB.DE,87.59,87.83,87.46,87.64,8210583.0,
2024-02-05,EMB.DE,87.2,87.26,86.775,86.9,9149578.0,
2024-02-06,EMB.DE,87.28,87.811,87.18,87.69,6415455.0,
2024-02-07,EMB.DE,87.63,87.76,87.45,87.57,6450347.0,
2024-02-08,EMB.DE,87.46,87.62,87.4125,87.46,5166354.0,
2024-02-09,EMB.DE,87.23,87.49,87.18,87.49,3689274.0,
2024-02-12,EMB.DE,87.55,87.6998,87.49,87.57,3728196.0,
2024-02-13,EMB.DE,86.78,86.89,86.415,86.49,10951610.0,
2024-02-14,EMB.DE,86.78,87.18,86.76,87.08,4939161.0,
2024-02-15,EMB.DE,87.58,87.795,87.395,87.79,7131276.0,
2024-02-16,EMB.DE,87.22,87.44,87.14,87.19,6211186.0,
2024-02-20,EMB.DE,87.16,87.355,87.15,87.18,3810099.0,
2024-02-21,EMB.DE,87.37,87.46,87.0148,87.11,5773285.0,
2024-02-22,EMB.DE,87.31,87.73,87.31,87.66,6108629.0,
2024-02-23,EMB.DE,87.83,88.275,87.82,88.15,6189236.0,
2024-02-26,EMB.DE,88.31,88.4,87.885,87.9,6410916.0,
2024-02-27,EMB.DE,87.9,87.95,87.7101,87.82,5652985.0,
2024-02-28,EMB.DE,87.92,88.06,87.83,88.0,6391903.0,
2024-02-29,EMB.DE,88.36,88.42,88.26,88.3,6174286.0,
2024-03-01,EMB.DE,87.95,88.515,87.69,88.43,7205208.0,
2024-03-04,EMB.DE,88.425,88.425,88.21,88.35,6826057.0,
2024-03-05,EMB.DE,88.52,88.75,88.41,88.54,8345973.0,
2024-03-06,EMB.DE,88.92,89.07,88.775,88.87,6322216.0,
2024-03-07,EMB.DE,89.19,89.23,88.915,89.11,9071120.0,
2024-03-08,EMB.DE,89.24,89.5101,89.135,89.21,5010255.0,
2024-03-11,EMB.DE,89.22,89.285,89.04,89.07,5336121.0,
2024-03-12,EMB.DE,88.92,89.02,88.74,88.95,5657824.0,
2024-03-13,EMB.DE,89.0,89.22,88.96,89.04,5381413.0,
2024-03-14,EMB.DE,89.08,89.17,88.53,88.59,13262586.0,
2024-03-15,EMB.DE,88.47,88.49,88.295,88.31,5383098.0,
2024-03-18,EMB.DE,88.38,88.45,88.305,88.36,6625071.0,
2024-03-19,EMB.DE,88.51,88.99,88.46,88.77,5647865.0,
2024-03-20,EMB.DE,89.0,89.28,88.7,89.19,5660698.0,
2024-03-21,EMB.DE,89.79,89.82,89.46,89.5,5595342.0,
2024-03-22,EMB.DE,89.6,89.98,89.6,89.79,6202516.0,
2024-03-25,EMB.DE,89.63,89.72,89.545,89.72,5487318.0,
2024-03-26,EMB.DE,89.7,89.79,89.63,89.71,4173238.0,
2024-03-27,EMB.DE,89.72,90.08,89.68,90.08,5799209.0,
2024-03-28,EMB.DE,90.07,90.07,89.65,89.67,5938533.0,
2024-04-01,EMB.DE,89.39,89.39,88.725,88.92,5905998.0,
2024-04-02,EMB.DE,88.39,88.98,88.355,88.96,11510465.0,
2024-04-03,EMB.DE,88.7,89.17,88.505,89.15,6781028.0,
2024-04-04,EMB.DE,89.48,89.58,89.05,89.11,6796030.0,
2024-04-05,EMB.DE,88.79,89.33,88.79,89.25,6478938.0,
2024-04-08,EMB.DE,88.33,89.3199,88.33,89.28,4386968.0,
2024-04-09,EMB.DE,89.69,89.88,89.6,89.88,6975065.0,
2024-04-10,EMB.DE,89.03,89.1451,88.3401,88.46,11693810.0,
2024-04-11,EMB.DE,88.24,88.6965,87.97,88.2,7787864.0,
2024-04-12,EMB.DE,88.26,88.36,87.9,87.95,7634993.0,
2024-04-15,EMB.DE,87.63,87.66,86.8,86.93,12162027.0,
2024-04-16,EMB.DE,86.64,86.87,86.4,86.66,9436114.0,
2024-04-17,EMB.DE,87.43,87.525,87.12,87.34,7853535.0,
2024-04-18,EMB.DE,87.6,87.62,87.19,87.27,5759025.0,
2024-04-19,EMB.DE,87.58,87.65,87.3847,87.53,5003991.0,
2024-04-22,EMB.DE,87.61,88.025,87.545,87.99,3935083.0,
2024-04-23,EMB.DE,87.7,88.22,87.7,88.11,8467759.0,
2024-04-24,EMB.DE,87.65,87.675,87.285,87.48,7289518.0,
2024-04-25,EMB.DE,86.9,87.296,86.78,87.23,6358145.0,
2024-04-26,EMB.DE,87.4,87.64,87.4,87.61,3072839.0,
2024-04-29,EMB.DE,87.98,88.1,87.76,88.04,5154176.0,
2024-04-30,EMB.DE,87.68,87.7,87.15,87.15,8032863.0,
2024-05-01,EMB.DE,86.84,87.64,86.84,87.15,7677675.0,
2024-05-02,EMB.DE,87.36,87.88,87.23,87.86,6833746.0,
2024-05-03,EMB.DE,88.6,88.8,88.2801,88.58,7832505.0,
2024-05-06,EMB.DE,88.59,88.855,88.5801,88.83,3552807.0,
2024-05-07,EMB.DE,89.19,89.19,88.87,88.9,4843998.0,
2024-05-08,EMB.DE,88.545,88.685,88.485,88.57,3699435.0,
2024-05-09,EMB.DE,88.59,88.895,88.575,88.87,3371713.0,
2024-05-10,EMB.DE,88.67,88.8,88.535,88.66,3446101.0,
2024-05-13,EMB.DE,88.74,88.88,88.72,88.75,2199609.0,
2024-05-14,EMB.DE,88.8,89.005,88.74,88.95,3054238.0,
2024-05-15,EMB.DE,89.4,89.88,89.35,89.88,5781733.0,
2024-05-16,EMB.DE,89.95,89.95,89.565,89.58,3590592.0,
2024-05-17,EMB.DE,89.29,89.47,89.275,89.41,3692327.0,
2024-05-20,EMB.DE,89.47,89.47,89.33,89.42,2007701.0,
2024-05-21,EMB.DE,89.47,89.575,89.4417,89.49,3201962.0,
2024-05-22,EMB.DE,89.15,89.335,89.065,89.2,3410282.0,
2024-05-23,EMB.DE,89.15,89.23,88.57,88.59,4828571.0,
2024-05-24,EMB.DE,88.69,88.99,88.66,88.94,2493130.0,
2024-05-28,EMB.DE,88.87,88.93,88.33,88.41,4121864.0,
2024-05-29,EMB.DE,88.2,88.25,87.98,88.09,6739397.0,
2024-05-30,EMB.DE,88.42,88.745,88.42,88.62,4333543.0,
2024-05-31,EMB.DE,89.08,89.09,88.7303,89.05,3414616.0,
2024-06-03,EMB.DE,88.85,89.09,88.65,89.09,7177232.0,
2024-06-04,EMB.DE,89.06,89.205,88.895,89.15,4822687.0,
2024-06-05,EMB.DE,89.31,89.39,88.905,89.39,6391353.0,
2024-06-06,EMB.DE,89.02,89.2,88.99,89.18,6800346.0,
2024-06-07,EMB.DE,88.91,88.91,88.441,88.48,5313894.0,
2024-06-10,EMB.DE,88.44,88.55,88.23,88.46,2466654.0,
2024-06-11,EMB.DE,88.44,88.8159,88.44,88.8,2707224.0,
2024-06-12,EMB.DE,89.39,89.57,89.04,89.15,7730541.0,
2024-06-13,EMB.DE,89.44,89.625,89.255,89.39,7293477.0,
2024-06-14,EMB.DE,89.21,89.41,89.17,89.28,6126044.0,
2024-06-17,EMB.DE,89.29,89.29,88.745,89.01,6689482.0,
2024-06-18,EMB.DE,89.29,89.68,89.19,89.6,6888898.0,
2024-06-20,EMB.DE,89.56,89.56,89.085,89.27,3845206.0,
2024-06-21,EMB.DE,89.39,89.51,89.21,89.38,5662350.0,
2024-06-24,EMB.DE,89.38,89.52,89.33,89.42,4124053.0,
2024-06-25,EMB.DE,89.39,89.46,89.27,89.41,3534697.0,
2024-06-26,EMB.DE,89.16,89.23,88.935,89.11,6212772.0,
2024-06-27,EMB.DE,89.23,89.365,89.1,89.19,3116825.0,
2024-06-28,EMB.DE,89.32,89.33,88.475,88.48,6568113.0,
2024-07-01,EMB.DE,87.51,88.12,87.51,87.75,7698918.0,
2024-07-02,EMB.DE,87.54,88.2,87.54,88.18,7236878.0,
2024-07-03,EMB.DE,88.24,88.89,88.24,88.87,3882084.0,
2024-07-05,EMB.DE,89.19,89.465,89.12,89.45,5429077.0,
2024-07-08,EMB.DE,89.45,89.5,89.32,89.43,6185270.0,
2024-07-09,EMB.DE,89.37,89.37,89.02,89.15,7367049.0,
2024-07-10,EMB.DE,89.34,89.59,89.27,89.57,5750435.0,
2024-07-11,EMB.DE,90.155,90.3368,89.975,90.09,7045197.0,
2024-07-12,EMB.DE,90.12,90.375,89.84,90.26,6538168.0,
2024-07-15,EMB.DE,90.26,90.26,89.765,89.89,4998089.0,
2024-07-16,EMB.DE,90.06,90.31,90.01,90.29,4479103.0,
2024-07-17,EMB.DE,90.0,90.1,89.9,89.97,6141993.0,
2024-07-18,EMB.DE,89.92,90.0,89.44,89.5,7227289.0,
2024-07-19,EMB.DE,89.41,89.585,89.22,89.26,5649190.0,
2024-07-22,EMB.DE,89.61,89.93,89.52,89.66,4999198.0,
2024-07-23,EMB.DE,89.68,89.9265,89.675,89.69,2737772.0,
2024-07-24,EMB.DE,89.6,89.8,89.11,89.11,5463781.0,
2024-07-25,EMB.DE,89.25,89.63,89.25,89.26,4761083.0,
2024-07-26,EMB.DE,89.81,89.895,89.45,89.76,4145183.0,
2024-07-29,EMB.DE,89.83,90.06,89.77,89.91,4848383.0,
2024-07-30,EMB.DE,90.1,90.1,89.75,90.03,5755666.0,
2024-07-31,EMB.DE,90.27,90.45,90.04,90.45,8133898.0,
2024-08-01,EMB.DE,90.13,90.455,89.95,90.01,10278153.0,
2024-08-02,EMB.DE,90.32,90.645,90.12,90.61,8525904.0,
2024-08-05,EMB.DE,89.6,90.0,89.5,89.69,9960470.0,
2024-08-06,EMB.DE,89.71,89.94,89.35,89.39,11282483.0,
2024-08-07,EMB.DE,89.91,90.1,89.495,89.58,7626678.0,
2024-08-08,EMB.DE,89.74,90.04,89.725,90.0,4410236.0,
2024-08-09,EMB.DE,90.24,90.485,90.24,90.4,2746548.0,
2024-08-12,EMB.DE,90.48,90.505,90.325,90.5,2962106.0,
2024-08-13,EMB.DE,90.84,91.0,90.745,90.99,4940571.0,
2024-08-14,EMB.DE,91.06,91.255,91.0,91.19,4819515.0,
2024-08-15,EMB.DE,91.01,91.185,90.8,91.16,3591699.0,
2024-08-16,EMB.DE,91.35,91.55,91.245,91.53,3384040.0,
2024-08-19,EMB.DE,91.56,91.81,91.525,91.81,3313735.0,
2024-08-20,EMB.DE,91.94,92.04,91.84,92.03,4948155.0,
2024-08-21,EMB.DE,92.08,92.41,92.005,92.3,9428058.0,
2024-08-22,EMB.DE,91.94,92.055,91.48,91.53,9946723.0,
2024-08-23,EMB.DE,91.93,92.56,91.8146,92.52,9595834.0,
2024-08-26,EMB.DE,92.52,92.53,92.24,92.33,3212682.0,
2024-08-27,EMB.DE,92.21,92.28,92.06,92.21,4373975.0,
2024-08-28,EMB.DE,92.25,92.26,91.96,92.06,3237363.0,
2024-08-29,EMB.DE,92.09,92.2069,91.91,92.02,4481186.0,
2024-08-30,EMB.DE,92.2,92.2797,91.9,92.1,4776679.0,
2024-09-03,EMB.DE,91.74,91.76,91.31,91.37,4829769.0,
2024-09-04,EMB.DE,91.46,91.87,91.44,91.78,7195985.0,
2024-09-05,EMB.DE,91.87,92.21,91.8601,92.13,5510679.0,
2024-09-06,EMB.DE,92.26,92.38,91.81,91.92,7799278.0,
2024-09-09,EMB.DE,92.05,92.27,91.9,92.17,3758218.0,
2024-09-10,EMB.DE,92.15,92.34,91.985,92.24,5013490.0,
2024-09-11,EMB.DE,92.03,92.52,92.03,92.48,7223356.0,
2024-09-12,EMB.DE,92.38,92.64,92.32,92.63,5108827.0,
2024-09-13,EMB.DE,92.86,93.116,92.805,93.05,5162939.0,
2024-09-16,EMB.DE,93.2,93.63,93.17,93.62,5280224.0,
2024-09-17,EMB.DE,93.74,93.78,93.46,93.6,6273173.0,
2024-09-18,EMB.DE,93.48,93.97,93.25,93.33,9523147.0,
2024-09-19,EMB.DE,93.68,93.77,93.52,93.74,6006224.0,
2024-09-20,EMB.DE,93.55,93.63,93.22,93.56,5187799.0,
2024-09-23,EMB.DE,93.24,93.42,93.08,93.29,5260452.0,
2024-09-24,EMB.DE,93.23,93.47,93.13,93.41,6010820.0,
2024-09-25,EMB.DE,93.33,93.3987,93.12,93.13,4842302.0,
2024-09-26,EMB.DE,93.41,93.4225,93.05,93.26,6844266.0,
2024-09-27,EMB.DE,93.46,93.55,93.395,93.42,5447822.0,
2024-09-30,EMB.DE,93.54,93.67,93.345,93.58,5789664.0,
2024-10-01,EMB.DE,93.49,93.56,93.28,93.46,6208029.0,
2024-10-02,EMB.DE,93.27,93.295,93.03,93.25,8465144.0,
2024-10-03,EMB.DE,93.09,93.1,92.81,92.86,7976882.0,
2024-10-04,EMB.DE,92.44,92.66,92.365,92.51,8880241.0,
2024-10-07,EMB.DE,92.44,92.47,92.03,92.09,4694006.0,
2024-10-08,EMB.DE,92.24,92.265,92.13,92.24,4639499.0,
2024-10-09,EMB.DE,92.16,92.325,91.99,92.09,5971149.0,
2024-10-10,EMB.DE,92.18,92.18,91.74,91.94,5923314.0,
2024-10-11,EMB.DE,91.9,92.19,91.9,92.06,4002261.0,
2024-10-14,EMB.DE,92.01,92.25,91.9,92.25,1876569.0,
2024-10-15,EMB.DE,92.5,92.53,92.31,92.5,4980111.0,
2024-10-16,EMB.DE,92.69,92.76,92.59,92.73,3762455.0,
2024-10-17,EMB.DE,92.55,92.55,92.12,92.14,6027457.0,
2024-10-18,EMB.DE,92.35,92.455,92.31,92.35,4612533.0,
2024-10-21,EMB.DE,91.96,92.16,91.42,91.44,5709910.0,
2024-10-22,EMB.DE,91.39,91.39,91.14,91.23,5541197.0,
2024-10-23,EMB.DE,90.956,91.035,90.735,90.89,5110440.0,
2024-10-24,EMB.DE,91.24,91.33,91.075,91.26,4880725.0,
2024-10-25,EMB.DE,91.69,91.69,91.25,91.26,4617705.0,
2024-10-28,EMB.DE,91.36,91.455,91.18,91.35,4655132.0,
2024-10-29,EMB.DE,91.3,91.58,91.1466,91.56,6079059.0,
2024-10-30,EMB.DE,91.59,91.89,91.405,91.46,4005029.0,
2024-10-31,EMB.DE,91.35,91.435,90.92,90.92,10214693.0,
2024-11-01,EMB.DE,90.84,90.89,90.1,90.14,8926059.0,
2024-11-04,EMB.DE,90.71,90.87,90.44,90.53,4915719.0,
2024-11-05,EMB.DE,90.48,90.82,90.205,90.81,6384784.0,
2024-11-06,EMB.DE,89.93,90.7,89.8314,90.52,7362652.0,
2024-11-07,EMB.DE,91.0,91.65,90.83,91.51,8684613.0,
2024-11-08,EMB.DE,91.71,91.76,91.44,91.76,7686297.0,
2024-11-11,EMB.DE,91.68,91.68,91.46,91.57,2220032.0,
2024-11-12,EMB.DE,91.16,91.26,90.75,90.86,7934833.0,
2024-11-13,EMB.DE,91.1,91.28,90.67,90.73,4797377.0,
2024-11-14,EMB.DE,91.03,91.04,90.5,90.5,6237616.0,
2024-11-15,EMB.DE,90.19,90.435,90.13,90.37,8478354.0,
2024-11-18,EMB.DE,90.47,90.525,90.14,90.48,4404387.0,
2024-11-19,EMB.DE,90.57,90.99,90.43,90.91,5749523.0,
2024-11-20,EMB.DE,90.71,90.92,90.605,90.92,6009604.0,
2024-11-21,EMB.DE,90.97,91.11,90.895,90.96,4023368.0,
2024-11-22,EMB.DE,91.1,91.12,90.76,90.85,4167534.0,
2024-11-25,EMB.DE,91.47,91.74,91.45,91.7,7184655.0,
2024-11-26,EMB.DE,91.49,91.58,91.3825,91.57,4765578.0,
2024-11-27,EMB.DE,91.68,91.9855,91.68,91.89,3478091.0,
2024-11-29,EMB.DE,92.24,92.24,92.055,92.15,2447322.0,
2024-12-02,EMB.DE,91.44,91.8,91.4,91.66,5734506.0,
2024-12-03,EMB.DE,91.76,91.86,91.63,91.68,4021747.0,
2024-12-04,EMB.DE,91.48,92.035,91.48,92.02,3906998.0,
2024-12-05,EMB.DE,92.06,92.21,91.95,92.14,4392816.0,
2024-12-06,EMB.DE,92.45,92.585,92.26,92.45,4125151.0,
2024-12-09,EMB.DE,92.51,92.51,92.225,92.24,4376961.0,
2024-12-10,EMB.DE,92.26,92.26,92.05,92.09,4801296.0,
2024-12-11,EMB.DE,92.27,92.36,91.985,92.04,3577477.0,
2024-12-12,EMB.DE,92.01,92.01,91.56,91.56,4609114.0,
2024-12-13,EMB.DE,91.61,91.62,91.07,91.09,5677081.0,
2024-12-16,EMB.DE,91.24,91.3,90.99,91.17,5256323.0,
2024-12-17,EMB.DE,91.11,91.23,90.96,91.12,7183914.0,
2024-12-18,EMB.DE,90.62,90.68,89.25,89.33,9094407.0,
2024-12-19,EMB.DE,89.52,89.53,88.92,88.94,15042144.0,
2024-12-20,EMB.DE,89.01,89.85,89.01,89.56,6711962.0,
2024-12-23,EMB.DE,89.74,89.74,89.25,89.33,4949102.0,
2024-12-24,EMB.DE,89.4,89.74,89.2475,89.73,2512536.0,
2024-12-26,EMB.DE,89.48,89.7,89.38,89.64,2379695.0,
2024-12-27,EMB.DE,89.46,89.48,89.225,89.3,2166253.0,
2024-12-30,EMB.DE,89.15,89.45,89.15,89.21,4014072.0,
2024-12-31,EMB.DE,89.43,89.44,88.85,89.04,4415167.0,
2025-01-02,EMB.DE,89.36,89.5,89.055,89.34,7709693.0,
2025-01-03,EMB.DE,89.66,89.76,89.48,89.5,4988376.0,
2025-01-06,EMB.DE,89.56,89.665,89.41,89.54,5044196.0,
2025-01-07,EMB.DE,89.55,89.65,89.11,89.18,9445627.0,
2025-01-08,EMB.DE,89.07,89.25,88.9,89.25,5579299.0,
2025-01-10,EMB.DE,88.87,89.0,88.64,88.77,7313565.0,
2025-01-13,EMB.DE,88.74,88.74,88.4428,88.64,6512854.0,
2025-01-14,EMB.DE,88.74,88.82,88.565,88.77,4067074.0,
2025-01-15,EMB.DE,89.65,89.92,89.54,89.79,6638689.0,
2025-01-16,EMB.DE,89.52,89.8,89.42,89.68,5421782.0,
2025-01-17,EMB.DE,89.94,90.05,89.75,89.85,3558227.0,
2025-01-21,EMB.DE,90.25,90.46,90.14,90.46,6997117.0,
2025-01-22,EMB.DE,90.53,90.55,90.2,90.21,6916200.0,
2025-01-23,EMB.DE,89.96,90.2,89.88,90.19,8020738.0,
2025-01-24,EMB.DE,90.19,90.38,90.16,90.34,3170308.0,
2025-01-27,EMB.DE,90.26,90.61,90.26,90.6,5632729.0,
2025-01-28,EMB.DE,90.56,90.575,90.31,90.56,5528613.0,
2025-01-29,EMB.DE,90.66,90.74,90.22,90.48,5118418.0,
2025-01-30,EMB.DE,90.87,90.975,90.68,90.86,5949175.0,
2025-01-31,EMB.DE,90.79,90.94,90.395,90.55,9075225.0,
2025-02-03,EMB.DE,89.92,90.415,89.92,90.25,6566083.0,
2025-02-04,EMB.DE,90.19,90.6,90.16,90.57,7381731.0,
2025-02-05,EMB.DE,90.83,91.145,90.82,91.08,5727066.0,
2025-02-06,EMB.DE,91.07,91.18,90.885,91.0,3296396.0,
2025-02-07,EMB.DE,90.74,90.825,90.595,90.65,4935769.0,
2025-02-10,EMB.DE,90.68,90.83,90.565,90.65,3331480.0,
2025-02-11,EMB.DE,90.32,90.41,90.22,90.255,5995989.0,
2025-02-12,EMB.DE,89.68,90.14,89.61,89.97,6819772.0,
2025-02-13,EMB.DE,90.37,90.77,90.35,90.71,6017857.0,
2025-02-14,EMB.DE,90.92,91.1757,90.92,90.99,7764034.0,
2025-02-18,EMB.DE,90.79,90.93,90.535,90.6,7565280.0,
2025-02-19,EMB.DE,90.4,90.68,90.33,90.62,4731712.0,
2025-02-20,EMB.DE,90.6,90.79,90.52,90.79,5621376.0,
2025-02-21,EMB.DE,90.93,91.01,90.735,90.82,5734737.0,
2025-02-24,EMB.DE,90.85,91.03,90.78,90.91,5036730.0,
2025-02-25,EMB.DE,91.22,91.5,91.22,91.48,8637627.0,
2025-02-26,EMB.DE,91.65,91.81,91.56,91.78,5851933.0,
2025-02-27,EMB.DE,91.67,91.67,91.415,91.47,8490515.0,
2025-02-28,EMB.DE,91.67,92.04,91.545,92.03,8204301.0,
2025-03-03,EMB.DE,91.18,91.59,91.18,91.45,8870563.0,
2025-03-04,EMB.DE,91.43,91.46,91.23,91.31,7549845.0,
2025-03-05,EMB.DE,91.34,91.56,91.15,91.28,7621485.0,
2025-03-06,EMB.DE,90.84,90.91,90.655,90.74,6056233.0,
2025-03-07,EMB.DE,90.97,91.09,90.87,90.99,5292949.0,
2025-03-10,EMB.DE,90.98,91.11,90.8,90.87,6780922.0,
2025-03-11,EMB.DE,90.92,91.01,90.6332,90.69,10043136.0,
2025-03-12,EMB.DE,90.83,90.92,90.67,90.67,7540906.0,
2025-03-13,EMB.DE,90.6,90.68,90.4725,90.63,9328710.0,
2025-03-14,EMB.DE,90.44,90.82,90.44,90.72,4198666.0,
2025-03-17,EMB.DE,90.81,90.98,90.78,90.96,6304443.0,
2025-03-18,EMB.DE,90.75,91.05,90.735,90.93,4764693.0,
2025-03-19,EMB.DE,90.94,91.5,90.895,91.43,7578227.0,
2025-03-20,EMB.DE,91.58,91.66,91.185,91.25,8001299.0,
2025-03-21,EMB.DE,91.15,91.15,90.87,90.98,5559817.0,
2025-03-24,EMB.DE,91.01,91.055,90.79,90.92,4259191.0,
2025-03-25,EMB.DE,90.79,91.1,90.79,91.01,4176201.0,
2025-03-26,EMB.DE,90.93,90.93,90.46,90.49,8930692.0,
2025-03-27,EMB.DE,90.3,90.46,90.29,90.29,5748783.0,
2025-03-28,EMB.DE,90.58,90.58,90.28,90.39,5205066.0,
2025-03-31,EMB.DE,90.23,90.62,90.23,90.59,6536488.0,
2025-04-01,EMB.DE,90.39,90.63,90.32,90.48,10159097.0,
2025-04-02,EMB.DE,90.62,90.62,90.225,90.44,4780653.0,
2025-04-03,EMB.DE,90.2,90.37,89.86,89.9,7118277.0,
2025-04-04,EMB.DE,89.36,89.45,88.55,88.59,15339203.0,
2025-04-07,EMB.DE,87.64,89.4,87.04,87.16,21774196.0,
2025-04-08,EMB.DE,88.26,88.33,86.36,86.54,13280701.0,
2025-04-09,EMB.DE,86.26,88.935,84.78,88.77,18436694.0,
2025-04-10,EMB.DE,88.08,88.08,86.83,87.05,10675272.0,
2025-04-11,EMB.DE,86.59,87.63,86.19,87.36,7298431.0,
2025-04-14,EMB.DE,88.87,88.87,87.9,88.27,5177595.0,
2025-04-15,EMB.DE,88.44,88.85,88.32,88.54,4518695.0,
2025-04-16,EMB.DE,88.64,88.75,88.345,88.57,3566850.0,
2025-04-17,EMB.DE,88.93,88.965,88.75,88.8,3325421.0,
2025-04-21,EMB.DE,88.36,88.5071,87.55,87.77,5740047.0,
2025-04-22,EMB.DE,88.52,89.01,88.37,88.68,5868060.0,
2025-04-23,EMB.DE,89.84,90.07,88.96,89.07,5841835.0,
2025-04-24,EMB.DE,89.55,90.03,89.46,90.02,3271671.0,
2025-04-25,EMB.DE,90.16,90.4451,90.025,90.38,4015092.0,
2025-04-28,EMB.DE,90.23,90.52,90.09,90.48,5043598.0,
2025-04-29,EMB.DE,90.28,90.62,90.17,90.6,5574114.0,
2025-04-30,EMB.DE,89.76,90.205,89.76,89.96,12070485.0,
2025-05-01,EMB.DE,89.82,89.84,89.43,89.6,4837575.0,
2025-05-02,EMB.DE,89.54,89.5799,89.315,89.36,3303063.0,
2025-05-05,EMB.DE,89.36,89.37,89.09,89.18,4309071.0,
2025-05-06,EMB.DE,89.49,89.62,89.1699,89.55,7230473.0,
2025-05-07,EMB.DE,90.0,90.03,89.65,89.9,4383445.0,
2025-05-08,EMB.DE,89.95,89.95,89.525,89.54,5234514.0,
2025-05-09,EMB.DE,89.68,89.76,89.61,89.68,3615836.0,
2025-05-12,EMB.DE,90.21,90.26,90.07,90.2,6084772.0,
2025-05-13,EMB.DE,90.42,90.45,90.2201,90.28,4821761.0,
2025-05-14,EMB.DE,90.2,90.21,89.87,89.98,3366711.0,
2025-05-15,EMB.DE,90.15,90.32,89.96,90.28,4056749.0,
2025-05-16,EMB.DE,90.52,90.69,90.26,90.45,3062019.0,
2025-05-19,EMB.DE,89.9,90.52,89.82,90.51,3858734.0,
2025-05-20,EMB.DE,90.16,90.45,90.16,90.37,5181895.0,
2025-05-21,EMB.DE,90.1,90.2,89.5,89.54,7544949.0,
2025-05-22,EMB.DE,89.59,89.99,89.45,89.84,6326142.0,
2025-05-23,EMB.DE,89.93,89.99,89.675,89.93,4432902.0,
2025-05-27,EMB.DE,90.09,90.555,90.09,90.48,6079020.0,
2025-05-28,EMB.DE,90.36,90.435,90.125,90.29,4109662.0,
2025-05-29,EMB.DE,90.19,90.65,90.19,90.6,4568653.0,
2025-05-30,EMB.DE,90.62,90.67,90.4343,90.6,8235745.0,
2025-06-02,EMB.DE,90.08,90.28,89.955,90.16,5414903.0,
2025-06-03,EMB.DE,90.39,90.45,90.305,90.45,5761630.0,
2025-06-04,EMB.DE,90.76,90.92,90.695,90.79,4655765.0,
2025-06-05,EMB.DE,90.91,90.92,90.47,90.57,6480055.0,
2025-06-06,EMB.DE,90.66,90.66,90.39,90.43,5160164.0,
2025-06-09,EMB.DE,90.6,90.76,90.46,90.66,3577564.0,
2025-06-10,EMB.DE,90.96,91.06,90.8,91.06,6668161.0,
2025-06-11,EMB.DE,91.15,91.395,91.15,91.33,6011023.0,
2025-06-12,EMB.DE,91.34,91.49,91.3,91.49,5468098.0,
2025-06-13,EMB.DE,91.19,91.19,90.84,90.91,6522404.0,
2025-06-16,EMB.DE,91.1,91.33,90.975,91.01,5454123.0,
2025-06-17,EMB.DE,91.18,91.25,90.98,91.08,4668475.0,
2025-06-18,EMB.DE,91.28,91.28,90.805,91.02,5097781.0,
2025-06-20,EMB.DE,91.07,91.25,90.945,91.14,3351476.0,
2025-06-23,EMB.DE,91.18,91.47,90.96,91.4,5895650.0,
2025-06-24,EMB.DE,91.63,92.045,91.49,91.95,10997508.0,
2025-06-25,EMB.DE,91.83,91.91,91.655,91.9,5299284.0,
2025-06-26,EMB.DE,92.0,92.19,91.8101,92.18,5574884.0,
2025-06-27,EMB.DE,92.08,92.27,91.94,92.1,6464929.0,
2025-06-30,EMB.DE,92.44,92.63,92.26,92.62,13050678.0,
2025-07-01,EMB.DE,92.62,92.62,92.18,92.42,10515449.0,
2025-07-02,EMB.DE,92.21,92.34,92.04,92.33,10020748.0,
2025-07-03,EMB.DE,92.25,92.58,92.19,92.49,3216935.0,
2025-07-07,EMB.DE,92.29,92.29,91.955,92.02,6999268.0,
2025-07-08,EMB.DE,91.9,91.9,91.65,91.73,8096675.0,
2025-07-09,EMB.DE,91.87,92.4,91.81,92.38,6169006.0,
2025-07-10,EMB.DE,92.27,92.305,92.03,92.24,5247597.0,
2025-07-11,EMB.DE,92.18,92.18,91.735,91.76,6747999.0,
2025-07-14,EMB.DE,91.66,91.875,91.62,91.77,5403448.0,
2025-07-15,EMB.DE,91.93,91.93,91.46,91.52,8144421.0,
2025-07-16,EMB.DE,91.48,91.7,91.22,91.59,9524608.0,
2025-07-17,EMB.DE,91.6,91.765,91.52,91.69,5462544.0,
2025-07-18,EMB.DE,92.07,92.07,91.855,91.89,6848174.0,
2025-07-21,EMB.DE,92.48,92.48,92.18,92.24,4334524.0,
2025-07-22,EMB.DE,92.36,92.52,92.23,92.4,8572626.0,
2025-07-23,EMB.DE,92.42,92.47,92.33,92.44,7278848.0,
2025-07-24,EMB.DE,92.3,92.555,92.3,92.42,3561919.0,
2025-07-25,EMB.DE,92.51,92.735,92.41,92.72,4583258.0,
2025-07-28,EMB.DE,92.68,92.71,92.57,92.66,7068128.0,
2025-07-29,EMB.DE,92.87,93.09,92.81,93.01,6547895.0,
2025-07-30,EMB.DE,92.88,93.04,92.65,92.85,6119035.0,
2025-07-31,EMB.DE,92.92,93.045,92.79,92.87,7525666.0,
2025-08-01,EMB.DE,92.64,92.78,92.545,92.72,11771523.0,
2025-08-04,EMB.DE,93.0,93.2,92.92,93.18,5397905.0,
2025-08-05,EMB.DE,93.17,93.2703,93.08,93.18,8602398.0,
2025-08-06,EMB.DE,93.18,93.245,92.87,93.24,5786461.0,
2025-08-07,EMB.DE,93.34,93.48,93.26,93.38,5698342.0,
2025-08-08,EMB.DE,93.23,93.4,93.23,93.38,3442732.0,
2025-08-11,EMB.DE,93.38,93.5972,93.38,93.5,3606651.0,
2025-08-12,EMB.DE,93.57,93.72,93.495,93.68,7298104.0,
2025-08-13,EMB.DE,94.11,94.18,94.0,94.14,6574926.0,
2025-08-14,EMB.DE,93.95,94.075,93.8,93.93,7868268.0,
2025-08-15,EMB.DE,93.96,93.995,93.74,93.85,3679471.0,
2025-08-18,EMB.DE,93.7,94.04,93.7,93.94,2727206.0,
2025-08-19,EMB.DE,93.94,94.09,93.905,93.98,4412663.0,
2025-08-20,EMB.DE,93.87,93.94,93.74,93.83,4509476.0,
2025-08-21,EMB.DE,93.75,93.785,93.46,93.53,11054822.0,
2025-08-22,EMB.DE,93.53,94.27,93.53,94.21,8250378.0,
2025-08-25,EMB.DE,93.97,94.03,93.84,93.84,4721238.0,
2025-08-26,EMB.DE,93.75,93.83,93.6,93.82,6172132.0,
2025-08-27,EMB.DE,93.74,93.74,93.49,93.71,4194706.0,
2025-08-28,EMB.DE,93.91,94.3,93.855,94.26,9425611.0,
2025-08-29,EMB.DE,94.07,94.19,94.00427,94.12,8476409.0,
2025-09-02,EMB.DE,93.115,93.38,93.03,93.36,9614858.0,
2025-09-03,EMB.DE,93.42,93.78,93.4,93.76,9263853.0,
2025-09-04,EMB.DE,94.02,94.14,93.845,94.13,5900182.0,
2025-09-05,EMB.DE,94.66,94.78,94.55,94.76,10635491.0,
2025-09-08,EMB.DE,94.5,94.79,94.5,94.75,6535207.0,
2025-09-09,EMB.DE,94.7,94.76,94.55,94.66,6004064.0,
2025-09-10,EMB.DE,94.84,95.31,94.75,95.18,9816166.0,
2025-09-11,EMB.DE,95.31,95.7,95.28,95.53,11143541.0,
2025-09-12,EMB.DE,95.42,95.42,95.18,95.25,5215810.0,
2025-09-15,EMB.DE,95.38,95.65,95.34,95.59,5308684.0,
2025-09-16,EMB.DE,95.71,95.71,95.45,95.53,5454679.0,
2025-09-17,EMB.DE,95.74,95.9,95.305,95.48,8381880.0,
2025-09-18,EMB.DE,95.77,95.77,95.04,95.08,7793664.0,
2025-09-19,EMB.DE,94.96,95.05,94.84,94.98,6499614.0,
2025-09-22,EMB.DE,95.12,95.235,95.04,95.19,5110127.0,
2025-09-23,EMB.DE,95.34,95.565,95.3,95.56,5840278.0,
2025-09-24,EMB.DE,95.73,95.8,95.4336,95.5,7173634.0,
2025-09-25,EMB.DE,95.6,95.6,95.175,95.26,7982640.0,
2025-09-26,EMB.DE,95.3,95.395,95.1,95.23,6119875.0,
2025-09-29,EMB.DE,95.23,95.47,95.23,95.39,4182261.0,
2025-09-30,EMB.DE,95.43,95.505,95.17,95.19,7422900.0,
2025-10-01,EMB.DE,94.88,95.17,94.84,95.12,10072502.0,
2025-10-02,EMB.DE,94.92,95.24,94.91,95.17,6074040.0,
2025-10-03,EMB.DE,95.27,95.33,95.13,95.21,4600809.0,
2025-10-06,EMB.DE,95.18,95.18,95.03,95.09,5126805.0,
2025-10-07,EMB.DE,95.07,95.175,94.97,95.05,7018281.0,
2025-10-08,EMB.DE,95.27,95.27,95.005,95.1,10027526.0,
2025-10-09,EMB.DE,95.19,95.22,94.8835,95.05,7375716.0,
2025-10-10,EMB.DE,95.14,95.23,94.57,94.63,16586388.0,
2025-10-13,EMB.DE,95.01,95.3,94.915,95.28,4121691.0,
2025-10-14,EMB.DE,95.03,95.44,94.905,95.24,9988278.0,
2025-10-15,EMB.DE,95.63,95.765,95.385,95.57,11401347.0,
2025-10-16,EMB.DE,95.66,95.78,95.56,95.71,7380413.0,
2025-10-17,EMB.DE,95.71,95.76,95.515,95.74,6359175.0,
2025-10-20,EMB.DE,95.97,96.16,95.9485,96.16,7665734.0,
